family,coordinate,kind,tau,boundary,direction,pool_fraction
thomas,sigma,raw,0.3,0.2711197302930752,decreasing,0.6281351351351351
thomas,sigma,raw,0.5,0.1880727267809991,decreasing,0.5268918918918919
thomas,sigma,raw,0.7,0.1319385819235941,decreasing,0.4282972972972973
thomas,sigma,raw,0.9,0.0655924448700329,decreasing,0.23259459459459458
thomas,mu,raw,0.3,1.000035751161504,increasing,0.9999729729729729
thomas,mu,raw,0.5,1.0000780196349577,increasing,0.9998918918918919
thomas,mu,raw,0.7,79.1225703164258,increasing,0.0013513513513513514
thomas,mu,raw,0.9,,increasing,0.0
thomas,kappa,raw,0.3,10.002165370354131,increasing,0.9999189189189189
thomas,kappa,raw,0.5,10.045246166576716,increasing,0.9985675675675676
thomas,kappa,raw,0.7,934.173389541498,increasing,2.7027027027027027e-05
thomas,kappa,raw,0.9,934.173389541498,increasing,2.7027027027027027e-05
thomas,omega,physical,0.3,1.660473140284603,decreasing,0.590945945945946
thomas,omega,physical,0.5,1.2473050256945735,decreasing,0.5094864864864865
thomas,omega,physical,0.7,0.9799739567198411,decreasing,0.44227027027027027
thomas,omega,physical,0.9,0.6774256643637386,decreasing,0.33916216216216216
thomas,zeta,snr,0.3,1.1223208257522528,increasing,0.6512162162162162
thomas,zeta,snr,0.5,1.7380764745904946,increasing,0.529972972972973
thomas,zeta,snr,0.7,3.015036625313329,increasing,0.37727027027027027
thomas,zeta,snr,0.9,4.827767805574852,increasing,0.24175675675675676
thomas,delta_tilde,delta,0.3,0.0297866042654157,increasing,0.5917027027027028
thomas,delta_tilde,delta,0.5,0.4854020602992867,increasing,0.5171891891891892
thomas,delta_tilde,delta,0.7,1.2693865765758598,increasing,0.4255135135135135
thomas,delta_tilde,delta,0.9,2.85646654738922,increasing,0.2954864864864865
thomas,delta_tilde_hi,delta,0.3,0.0372174332899884,increasing,0.5917837837837838
thomas,delta_tilde_hi,delta,0.5,0.6081973997799942,increasing,0.5174864864864865
thomas,delta_tilde_hi,delta,0.7,1.608915421194825,increasing,0.4243513513513513
thomas,delta_tilde_hi,delta,0.9,3.594560947290103,increasing,0.2951621621621622
nested,sigma1,raw,0.3,1.4995837934908287,decreasing,0.999945945945946
nested,sigma1,raw,0.5,1.2493757557347724,decreasing,0.9327837837837838
nested,sigma1,raw,0.7,0.7407224927012759,decreasing,0.7257297297297297
nested,sigma1,raw,0.9,0.3625599973934237,decreasing,0.4704864864864865
nested,sigma2,raw,0.3,0.3234940029349652,decreasing,0.9512972972972973
nested,sigma2,raw,0.5,0.2247073414994106,decreasing,0.8727027027027027
nested,sigma2,raw,0.7,0.1625496232398715,decreasing,0.7648918918918919
nested,sigma2,raw,0.9,0.0804818317787141,decreasing,0.5105945945945946
nested,mu1,raw,0.3,73.64646788969665,decreasing,1.0
nested,mu1,raw,0.5,73.64646788969665,decreasing,1.0
nested,mu1,raw,0.7,13.145505539476588,decreasing,0.9606756756756757
nested,mu1,raw,0.9,1.0001489371590384,decreasing,0.00048648648648648646
nested,mu2,raw,0.3,1.000002979438262,increasing,1.0
nested,mu2,raw,0.5,1.000002979438262,increasing,1.0
nested,mu2,raw,0.7,1.000324590633437,increasing,0.9998108108108108
nested,mu2,raw,0.9,36.38633900310599,increasing,0.04367567567567567
nested,omega_outer,physical,0.3,7.859029901512154,decreasing,0.9962972972972973
nested,omega_outer,physical,0.5,4.731247021329507,decreasing,0.893918918918919
nested,omega_outer,physical,0.7,3.1313362559290696,decreasing,0.7194594594594594
nested,omega_outer,physical,0.9,1.9005820484404317,decreasing,0.5156486486486487
nested,omega_inner,physical,0.3,2.100237500834047,decreasing,0.9363243243243243
nested,omega_inner,physical,0.5,1.276629853985766,decreasing,0.838
nested,omega_inner,physical,0.7,0.9505877949831941,decreasing,0.7527297297297297
nested,omega_inner,physical,0.9,0.6630930501581087,decreasing,0.6168918918918919
nested,meta_size,physical,0.3,2.0000131706610524,increasing,1.0
nested,meta_size,physical,0.5,2.0000131706610524,increasing,1.0
nested,meta_size,physical,0.7,2.0000131706610524,increasing,1.0
nested,meta_size,physical,0.9,76.14115479730143,increasing,0.010432432432432432
nested,zeta_outer,snr,0.3,0.2347827011407338,increasing,0.9962432432432432
nested,zeta_outer,snr,0.5,0.5710001658308328,increasing,0.9207297297297298
nested,zeta_outer,snr,0.7,1.0867157796579836,increasing,0.7435945945945946
nested,zeta_outer,snr,0.9,2.1924328450281325,increasing,0.4797027027027027
nested,zeta_inner,snr,0.3,0.727885359077992,increasing,0.9388648648648649
nested,zeta_inner,snr,0.5,1.1616608500873722,increasing,0.881972972972973
nested,zeta_inner,snr,0.7,2.003665690517754,increasing,0.7816756756756756
nested,zeta_inner,snr,0.9,4.689665989175122,increasing,0.5321621621621622
nested,zeta,snr,0.3,1.1014152050019272,increasing,0.9434054054054054
nested,zeta,snr,0.5,1.8590781320547691,increasing,0.8590540540540541
nested,zeta,snr,0.7,2.930452364089463,increasing,0.7498648648648648
nested,zeta,snr,0.9,5.047227076725281,increasing,0.5708378378378378
nested,delta_tilde,delta,0.3,-0.0801125697587704,increasing,0.9282972972972973
nested,delta_tilde,delta,0.5,0.6521354984413955,increasing,0.8428108108108108
nested,delta_tilde,delta,0.7,1.4582452499377072,increasing,0.7569189189189189
nested,delta_tilde,delta,0.9,3.225295349894572,increasing,0.6042162162162162
nested,delta_tilde_hi,delta,0.3,-0.1032816656395015,increasing,0.9285405405405406
nested,delta_tilde_hi,delta,0.5,0.8237209191937069,increasing,0.8424864864864865
nested,delta_tilde_hi,delta,0.7,1.8062961427970976,increasing,0.7587567567567568
nested,delta_tilde_hi,delta,0.9,4.048123943453939,increasing,0.6042162162162162
matern2,R,raw,0.3,0.0016424586999346,increasing,1.0
matern2,R,raw,0.5,0.001798124422627,increasing,0.9985405405405405
matern2,R,raw,0.7,0.0018694627686455,increasing,0.9970810810810811
matern2,R,raw,0.9,0.0094095219018679,increasing,0.5327567567567567
matern2,lam_p,raw,0.3,76.00307612776754,increasing,0.9994324324324324
matern2,lam_p,raw,0.5,79.96564869871663,increasing,0.9904054054054054
matern2,lam_p,raw,0.7,94.66821303294904,increasing,0.9439459459459459
matern2,lam_p,raw,0.9,288.4846445004091,increasing,0.521918918918919
matern2,core,physical,0.3,0.051706000081392,increasing,0.9862432432432432
matern2,core,physical,0.5,0.058919785053583536,increasing,0.9325945945945946
matern2,core,physical,0.7,0.07551338144269627,increasing,0.8305405405405405
matern2,core,physical,0.9,0.10406342047745472,increasing,0.6956756756756757
matern2,zeta,snr,0.3,0.8138623614378419,increasing,0.9365135135135135
matern2,zeta,snr,0.5,1.0270847585021747,increasing,0.8777567567567568
matern2,zeta,snr,0.7,1.1839873582146945,increasing,0.8345945945945946
matern2,zeta,snr,0.9,1.4052394547579539,increasing,0.7725675675675676
matern2,delta_tilde,delta,0.3,-0.1443445314259625,increasing,0.9377837837837838
matern2,delta_tilde,delta,0.5,0.1691026846899495,increasing,0.876
matern2,delta_tilde,delta,0.7,0.396744223694228,increasing,0.8282162162162162
matern2,delta_tilde,delta,0.9,0.6495552436559963,increasing,0.7753513513513514
matern2,delta_tilde_lo,delta,0.3,-0.1803313937864964,increasing,0.9377297297297297
matern2,delta_tilde_lo,delta,0.5,0.212593433417651,increasing,0.8759189189189189
matern2,delta_tilde_lo,delta,0.7,0.4929349723020884,increasing,0.8291081081081081
matern2,delta_tilde_lo,delta,0.9,0.8193163433789558,increasing,0.7748108108108108
lgcp,sigma2,raw,0.3,0.062766315755389,increasing,0.9399459459459459
lgcp,sigma2,raw,0.5,0.153067282950353,increasing,0.7170540540540541
lgcp,sigma2,raw,0.7,0.3266224511039242,increasing,0.5279459459459459
lgcp,sigma2,raw,0.9,0.956521078273332,increasing,0.27264864864864863
lgcp,s,raw,0.3,0.0033640000617473,increasing,1.0
lgcp,s,raw,0.5,0.0061177567411247,increasing,0.9632432432432433
lgcp,s,raw,0.7,0.0359154163580314,increasing,0.5048108108108108
lgcp,s,raw,0.9,0.1999615802316392,increasing,5.4054054054054054e-05
lgcp,s_rel,physical,0.3,0.10000506596087122,increasing,0.999945945945946
lgcp,s_rel,physical,0.5,0.1284313335726087,increasing,0.9300540540540541
lgcp,s_rel,physical,0.7,0.5054352298171797,increasing,0.5355945945945946
lgcp,s_rel,physical,0.9,3.5868998473608835,increasing,0.031
lgcp,zeta,snr,0.3,1.276129541410976,increasing,0.7712162162162162
lgcp,zeta,snr,0.5,2.494412823391667,increasing,0.6544324324324324
lgcp,zeta,snr,0.7,3.8369155469935308,increasing,0.5719189189189189
lgcp,zeta,snr,0.9,7.595514031066634,increasing,0.44156756756756754
lgcp,delta_tilde,delta,0.3,-0.5223461337482851,increasing,0.7865945945945946
lgcp,delta_tilde,delta,0.5,-0.0848937737326942,increasing,0.6561621621621622
lgcp,delta_tilde,delta,0.7,0.3074844482214867,increasing,0.5767837837837838
lgcp,delta_tilde,delta,0.9,1.2341388039885524,increasing,0.4568378378378378
lgcp,delta_tilde_hi,delta,0.3,-0.6446747980017171,increasing,0.7827837837837838
lgcp,delta_tilde_hi,delta,0.5,-0.1066118077857619,increasing,0.6562162162162162
lgcp,delta_tilde_hi,delta,0.7,0.3844581970575184,increasing,0.577027027027027
lgcp,delta_tilde_hi,delta,0.9,1.567337066983298,increasing,0.45532432432432435
