c,r_max,lambda,val,test
0.25,0.0625,0.0,0.26368749999999996,0.26347916666666665
0.25,0.0625,0.003,0.2618125,0.2614270833333333
0.25,0.0625,0.01,0.26375000000000004,0.2624739583333333
0.25,0.0625,0.016,0.265,0.2640572916666667
0.25,0.0625,0.03,0.2664375,0.26603645833333334
0.25,0.0625,0.1,0.269,0.27178125000000003
0.25,0.0625,0.3,0.273875,0.28034375
0.25,0.0625,1.0,0.27525,0.280984375
0.25,0.0625,3.0,0.24312499999999998,0.24699479166666663
0.25,0.125,0.0,0.2763125,0.27925000000000005
0.25,0.125,0.003,0.277625,0.2795416666666667
0.25,0.125,0.01,0.280125,0.28208333333333335
0.25,0.125,0.016,0.28075,0.28380208333333334
0.25,0.125,0.03,0.2835,0.28684895833333335
0.25,0.125,0.1,0.290375,0.29312499999999997
0.25,0.125,0.3,0.2965625,0.30209375000000005
0.25,0.125,1.0,0.294375,0.30003124999999997
0.25,0.125,3.0,0.235125,0.240015625
0.25,0.25,0.0,0.28318750000000004,0.2869322916666667
0.25,0.25,0.003,0.2848125,0.28838020833333333
0.25,0.25,0.01,0.2883125,0.29139583333333335
0.25,0.25,0.016,0.29081250000000003,0.29371875000000003
0.25,0.25,0.03,0.2950625,0.29683333333333334
0.25,0.25,0.1,0.304375,0.30505208333333333
0.25,0.25,0.3,0.310625,0.312265625
0.25,0.25,1.0,0.302,0.30300520833333333
0.25,0.25,3.0,0.22387500000000002,0.2249270833333333
0.5,0.0625,0.0,0.2713125,0.27416145833333333
0.5,0.0625,0.003,0.2709375,0.27402604166666666
0.5,0.0625,0.01,0.2723125,0.27570833333333333
0.5,0.0625,0.016,0.27437500000000004,0.27717708333333335
0.5,0.0625,0.03,0.277875,0.2798125
0.5,0.0625,0.1,0.2888125,0.291515625
0.5,0.0625,0.3,0.30712500000000004,0.310046875
0.5,0.0625,1.0,0.304875,0.30843229166666664
0.5,0.0625,3.0,0.204625,0.20792187499999998
0.5,0.125,0.0,0.2745625,0.281765625
0.5,0.125,0.003,0.2795625,0.28413541666666664
0.5,0.125,0.01,0.282875,0.2865885416666667
0.5,0.125,0.016,0.2845625,0.2886458333333333
0.5,0.125,0.03,0.2899375,0.29270833333333335
0.5,0.125,0.1,0.30674999999999997,0.308046875
0.5,0.125,0.3,0.32624999999999993,0.32867187499999995
0.5,0.125,1.0,0.307375,0.31129166666666663
0.5,0.125,3.0,0.18737499999999999,0.1914010416666667
0.5,0.25,0.0,0.273,0.27853125
0.5,0.25,0.003,0.280875,0.28375
0.5,0.25,0.01,0.283625,0.28778645833333333
0.5,0.25,0.016,0.28656250000000005,0.29036458333333337
0.5,0.25,0.03,0.29275,0.29598437499999997
0.5,0.25,0.1,0.30712500000000004,0.31141145833333334
0.5,0.25,0.3,0.31356249999999997,0.31912500000000005
0.5,0.25,1.0,0.2805625,0.2807708333333333
0.5,0.25,3.0,0.163125,0.16483854166666664
