family,c,r_max,val,test,at_bound_test
thomas,0.25,0.0625,2.009363213053152,1.9965457671859583,0.75
thomas,0.25,0.125,1.8366951282787685,1.8210582299384104,0.6102083333333334
thomas,0.25,0.25,1.6469602565286932,1.6717458291551603,0.494375
thomas,0.5,0.0625,1.9510228319995173,1.9546570922129523,0.6952916666666666
thomas,0.5,0.125,1.7811730880928038,1.7723517328994192,0.562875
thomas,0.5,0.25,1.6053042485707196,1.6185018284442885,0.468875
nested,0.25,0.0625,2.1229655659500413,2.137806616796344,0.903375
nested,0.25,0.125,1.8119147484983738,1.8230281245428492,0.8567083333333333
nested,0.25,0.25,1.691573905990674,1.6728707036055528,0.83525
nested,0.5,0.0625,2.0162868252616013,2.025211069467714,0.8643333333333333
nested,0.5,0.125,1.7352867127609184,1.723560257651047,0.8308333333333333
nested,0.5,0.25,1.6755034711918817,1.6695372209590569,0.82875
lgcp,0.25,0.0625,0.7550488352694046,0.7548269334975104,0.4201666666666667
lgcp,0.25,0.125,0.6833906032610764,0.6800487823702109,0.32975
lgcp,0.25,0.25,0.6581710248075022,0.6561457868269756,0.2796666666666667
lgcp,0.5,0.0625,0.7146401521579099,0.7076967860295357,0.3324166666666667
lgcp,0.5,0.125,0.6482751289550198,0.6519255496154152,0.275
lgcp,0.5,0.25,0.668502811553533,0.667290251220423,0.26545833333333335
matern2,0.25,0.0625,0.1495405256915656,0.15328310616174978,0.026041666666666668
matern2,0.25,0.125,0.14960138803155754,0.15342201148694337,0.025875
matern2,0.25,0.25,0.14962474103750817,0.1534730036062098,0.025958333333333333
matern2,0.5,0.0625,0.17943737425892076,0.18030209097742253,0.051458333333333335
matern2,0.5,0.125,0.1928268567362539,0.1932771598344893,0.058083333333333334
matern2,0.5,0.25,0.20588615189548,0.2074299782479668,0.06516666666666666
ring,0.25,0.0625,1.598765672066699,1.6195250691359648,0.6321666666666667
ring,0.25,0.125,1.4932219444574395,1.5049067420671236,0.5773333333333334
ring,0.25,0.25,1.4096093626928052,1.4430907027638593,0.5257916666666667
ring,0.5,0.0625,1.5836845458168862,1.608695678000434,0.5899166666666666
ring,0.5,0.125,1.447734368188545,1.4739044407635178,0.570625
ring,0.5,0.25,1.3915423958560438,1.4170819995037243,0.5550416666666667
matern1,0.25,0.0625,0.18589825037467653,0.18863857188968175,0.03875
matern1,0.25,0.125,0.18599034625504446,0.1888391364299566,0.03866666666666667
matern1,0.25,0.25,0.1859434975076719,0.18889012889269644,0.03879166666666667
matern1,0.5,0.0625,0.22514887583160634,0.22434445990694982,0.0675
matern1,0.5,0.125,0.24309235946500324,0.24238073824749642,0.07633333333333334
matern1,0.5,0.25,0.2618942385716198,0.26178258423034895,0.08620833333333333
