classifier,estimators,accuracy all,accuracy regime 0.5,accuracy regime 0.9,poisson identified,poisson rmse/sd,thomas identified,thomas rmse/sd,nested identified,nested rmse/sd,lgcp identified,lgcp rmse/sd,matern2 identified,matern2 rmse/sd,ring identified,ring rmse/sd,matern1 identified,matern1 rmse/sd,cell identified,cell rmse/sd
hgb_classical,best,0.4674478769302368,0.47469863295555115,0.530371904373169,0.4375,0.07050050096886637,0.2916666666666667,0.9279429402124872,0.3541666666666667,0.6903937842093801,0.4375,0.3774863371614099,0.5520833333333334,0.19591071731090423,0.25,0.6534474106747687,0.5208333333333334,0.19581432446163638,0.8958333333333334,0.17944945354956932
hgb_classical,hgb_classical,0.4674478769302368,0.47469863295555115,0.530371904373169,0.4375,0.07050050096886637,0.2916666666666667,0.8198004753166929,0.3541666666666667,0.6903937842093801,0.4375,0.3774863371614099,0.5520833333333334,0.19591071731090423,0.25,0.6534474106747687,0.5208333333333334,0.2071655109178958,0.8958333333333334,0.17944945354956932
hgb_classical,mixed,0.4674478769302368,0.47469863295555115,0.530371904373169,0.4375,0.07050050096886637,0.2916666666666667,0.9279429402124872,0.3541666666666667,0.6903937842093801,0.4375,0.3774863371614099,0.5520833333333334,0.19591071731090423,0.25,0.6681515846341695,0.5208333333333334,0.2071655109178958,0.8958333333333334,0.17944945354956932
hgb_small,best,0.4609375,0.4739382863044739,0.5291965007781982,0.4583333333333333,0.060364744566689964,0.25,0.8959064449760908,0.3645833333333333,0.7068518181552427,0.4479166666666667,0.3819977838257919,0.4583333333333333,0.19743561412325134,0.3125,0.6956303113135744,0.5208333333333334,0.18956868892803092,0.875,0.17304459855644466
hgb_small,hgb_classical,0.4609375,0.4739382863044739,0.5291965007781982,0.4583333333333333,0.060364744566689964,0.25,0.7960744984796465,0.3645833333333333,0.7068518181552427,0.4479166666666667,0.3819977838257919,0.4583333333333333,0.19743561412325134,0.3125,0.6956303113135744,0.5208333333333334,0.1990441002636325,0.875,0.17304459855644466
hgb_small,mixed,0.4609375,0.4739382863044739,0.5291965007781982,0.4583333333333333,0.060364744566689964,0.25,0.8959064449760908,0.3645833333333333,0.7068518181552427,0.4479166666666667,0.3819977838257919,0.4583333333333333,0.19743561412325134,0.3125,0.6826891636398129,0.5208333333333334,0.1990441002636325,0.875,0.17304459855644466
linear_classical,best,0.4361979067325592,0.4479242265224457,0.504804253578186,0.4895833333333333,0.06759438898715804,0.22916666666666666,0.808911941183094,0.3125,0.7754238046281922,0.53125,0.4554187344363254,0.4375,0.1841932079918197,0.20833333333333334,0.6170799417513305,0.5208333333333334,0.20730911357191067,0.7604166666666666,0.1809540362607125
linear_classical,hgb_classical,0.4361979067325592,0.4479242265224457,0.504804253578186,0.4895833333333333,0.06759438898715804,0.22916666666666666,0.8479579702531149,0.3125,0.7754238046281922,0.53125,0.4554187344363254,0.4375,0.1841932079918197,0.20833333333333334,0.6170799417513305,0.5208333333333334,0.2153585839754522,0.7604166666666666,0.1809540362607125
linear_classical,mixed,0.4361979067325592,0.4479242265224457,0.504804253578186,0.4895833333333333,0.06759438898715804,0.22916666666666666,0.808911941183094,0.3125,0.7754238046281922,0.53125,0.4554187344363254,0.4375,0.1841932079918197,0.20833333333333334,0.737634034407042,0.5208333333333334,0.2153585839754522,0.7604166666666666,0.1809540362607125
