family,train_tau,n_train,subset,n_test,unfiltered,filtered,gain,gain_lo,gain_hi
thomas,0.0,74000,all,24000,0.7060725116273309,0.7060725116273309,0.0,0.0,0.0
thomas,0.0,74000,in_regime_0.5,14296,0.5989698895269732,0.5989698895269732,0.0,0.0,0.0
thomas,0.0,74000,in_regime_0.9,8372,0.4469044218715817,0.4469044218715817,0.0,0.0,0.0
thomas,0.0,74000,out_regime_0.5,9704,0.8392361068457889,0.8392361068457889,0.0,0.0,0.0
thomas,0.0,74000,out_regime_0.9,15628,0.8115008962278054,0.8115008962278054,0.0,0.0,0.0
thomas,0.0,74000,routed_to_f,3975,0.6071686809649078,0.6071686809649078,0.0,0.0,0.0
thomas,0.0,74000,routed_in_regime_0.5,3236,0.5172176383533833,0.5172176383533833,0.0,0.0,0.0
thomas,0.0,74000,routed_in_regime_0.9,2302,0.3427903511596644,0.3427903511596644,0.0,0.0,0.0
thomas,0.5,44214,all,24000,0.7060725116273309,0.7844325970551429,-0.07836008542781203,-0.0820064107780978,-0.07444406302817215
thomas,0.5,44214,in_regime_0.5,14296,0.5989698895269732,0.556844616057856,0.04212527346911721,0.03875809273338859,0.04579258996943765
thomas,0.5,44214,in_regime_0.9,8372,0.4469044218715817,0.4124265377993037,0.034477884072277976,0.03140444866701775,0.038051782141255604
thomas,0.5,44214,out_regime_0.5,9704,0.8392361068457889,1.0196451704799523,-0.18040906363416342,-0.1852577214952592,-0.17586481092377027
thomas,0.5,44214,out_regime_0.9,15628,0.8115008962278054,0.9220545920150046,-0.1105536957871992,-0.11498988023490565,-0.1061265782517003
thomas,0.5,44214,routed_to_f,3975,0.6071686809649078,0.6434341016897004,-0.03626542072479255,-0.042849065004712715,-0.028739539047081826
thomas,0.5,44214,routed_in_regime_0.5,3236,0.5172176383533833,0.4955014688158235,0.021716169537559782,0.015769717856117145,0.027132307124703686
thomas,0.5,44214,routed_in_regime_0.9,2302,0.3427903511596644,0.3232527096140857,0.019537641545578688,0.015337165045090462,0.02359836168407423
thomas,0.9,25878,all,24000,0.7060725116273309,0.9365281157950488,-0.23045560416771793,-0.23625670108036675,-0.22570147518493947
thomas,0.9,25878,in_regime_0.5,14296,0.5989698895269732,0.6315588791470959,-0.03258898962012269,-0.03852106491892266,-0.02695344483020152
thomas,0.9,25878,in_regime_0.9,8372,0.4469044218715817,0.3920100622684693,0.0548943596031124,0.049834526935490196,0.05995312729144335
thomas,0.9,25878,out_regime_0.5,9704,0.8392361068457889,1.2325053148735352,-0.39326920802774634,-0.39923180189838836,-0.3866779074393197
thomas,0.9,25878,out_regime_0.9,15628,0.8115008962278054,1.1189744861876325,-0.3074735899598271,-0.31440778828561644,-0.30166896029196755
thomas,0.9,25878,routed_to_f,3975,0.6071686809649078,0.7637343572746801,-0.15656567630977225,-0.171862370532036,-0.14480438937402043
thomas,0.9,25878,routed_in_regime_0.5,3236,0.5172176383533833,0.5638174274062139,-0.046599789052830576,-0.05886711306180747,-0.03532597660816047
thomas,0.9,25878,routed_in_regime_0.9,2302,0.3427903511596644,0.3125200563924411,0.03027029476722326,0.02334248995912078,0.03625538564149769
nested,0.5,67836,all,24000,0.6238533247626001,0.6328127082771366,-0.008959383514536512,-0.010411101605287281,-0.007435169389942001
nested,0.5,67836,in_regime_0.5,22088,0.6113543201115988,0.6068888076218308,0.004465512489768009,0.003345051372742358,0.006096640892239286
nested,0.5,67836,in_regime_0.9,15958,0.5530953638355329,0.5491370544146881,0.003958309420844852,0.002870756899795679,0.005001054577123737
nested,0.5,67836,out_regime_0.5,1912,0.7427881872337029,0.8605393575275171,-0.11775117029381421,-0.12532475674456242,-0.1097906413023605
nested,0.5,67836,out_regime_0.9,8042,0.7394732108734313,0.7664434053935812,-0.026970194520149926,-0.03053988552903069,-0.023840748511234404
nested,0.5,67836,routed_to_f,13101,0.5446426725286129,0.544076638779454,0.0005660337491588674,-0.0005780075176619436,0.0017637033779782825
nested,0.5,67836,routed_in_regime_0.5,13019,0.5423274097570052,0.541527134285414,0.0008002754715912275,-0.0003582893580067608,0.0021065799757817084
nested,0.5,67836,routed_in_regime_0.9,11383,0.5095876515360863,0.5077361907661089,0.0018514607699774421,0.0008025807827423626,0.0029459461014313603
nested,0.9,49252,all,24000,0.6238533247626001,0.6889881380001687,-0.06513481323756853,-0.06857840705943527,-0.06165857003290108
nested,0.9,49252,in_regime_0.5,22088,0.6113543201115988,0.6354909600772001,-0.024136639965601225,-0.02747259708684927,-0.020776637774071967
nested,0.9,49252,in_regime_0.9,15958,0.5530953638355329,0.5417041740056486,0.011391189829884296,0.009258041320356796,0.013604146871588918
nested,0.9,49252,out_regime_0.5,1912,0.7427881872337029,1.1132046269749438,-0.37041643974124094,-0.3824684807277577,-0.35840375480870773
nested,0.9,49252,out_regime_0.9,8042,0.7394732108734313,0.9032090567616387,-0.16373584588820733,-0.17104239704900168,-0.15590129745811104
nested,0.9,49252,routed_to_f,13101,0.5446426725286129,0.5558117770651452,-0.011169104536532304,-0.01364182970553755,-0.008547091173597353
nested,0.9,49252,routed_in_regime_0.5,13019,0.5423274097570052,0.550618681608076,-0.008291271851070814,-0.010882959321045873,-0.005974859872513171
nested,0.9,49252,routed_in_regime_0.9,11383,0.5095876515360863,0.5026883023863388,0.006899349149747547,0.00525158590698413,0.008547025674095777
lgcp,0.5,57656,all,24000,0.4358395448621781,0.47647912910224655,-0.04063958424006847,-0.044021556022391106,-0.037950724581997594
lgcp,0.5,57656,in_regime_0.5,18676,0.41159667589074633,0.38801940431498466,0.02357727157576167,0.021015663989776417,0.025332381420859532
lgcp,0.5,57656,in_regime_0.9,11744,0.3302633260264243,0.3077829015430155,0.022480424483408756,0.020633992703182148,0.024298781063520965
lgcp,0.5,57656,out_regime_0.5,5324,0.5021331602267022,0.6828748906951954,-0.18074173046849318,-0.1852213624951883,-0.17640199374751675
lgcp,0.5,57656,out_regime_0.9,12256,0.505200331263185,0.5794563350008481,-0.07425600373766317,-0.07871080564383467,-0.07045674743169972
lgcp,0.5,57656,routed_to_f,12951,0.364749654165441,0.3719092506171469,-0.007159596451705941,-0.008886202609609675,-0.005588380977729302
lgcp,0.5,57656,routed_in_regime_0.5,12069,0.3417619540880867,0.3363245584213422,0.0054373956667445045,0.00391944151906318,0.007111530435834732
lgcp,0.5,57656,routed_in_regime_0.9,9146,0.29400887330530207,0.28289674965477135,0.011112123650530714,0.009436310504477727,0.012795918781813605
lgcp,0.9,36250,all,24000,0.4358395448621781,0.6129814561270885,-0.17714191126491047,-0.18402960282466246,-0.1715857653131942
lgcp,0.9,36250,in_regime_0.5,18676,0.41159667589074633,0.4421397692160734,-0.030543093325327064,-0.035464339267570755,-0.026736524795614083
lgcp,0.9,36250,in_regime_0.9,11744,0.3302633260264243,0.2882782580171324,0.04198506800929186,0.03825127687444414,0.04505039601680335
lgcp,0.9,36250,out_regime_0.5,5324,0.5021331602267022,0.9782122071381757,-0.4760790469114735,-0.4828890178371605,-0.46768021896295875
lgcp,0.9,36250,out_regime_0.9,12256,0.505200331263185,0.7910023549725942,-0.2858020237094092,-0.29346013002773136,-0.2784857864220486
lgcp,0.9,36250,routed_to_f,12951,0.364749654165441,0.4276041973716411,-0.06285454320620015,-0.06684436117561411,-0.059468392972373975
lgcp,0.9,36250,routed_in_regime_0.5,12069,0.3417619540880867,0.36679835989025844,-0.025036405802171757,-0.028857326976553473,-0.021518375467493165
lgcp,0.9,36250,routed_in_regime_0.9,9146,0.29400887330530207,0.26918887604756936,0.024819997257732707,0.021865435769797645,0.027666519596730325
matern2,0.5,69406,all,24000,0.13040832665166913,0.13403115068856547,-0.003622824036896344,-0.004416132055284006,-0.002985600625800322
matern2,0.5,69406,in_regime_0.5,22454,0.11458337740350111,0.10984854063462979,0.00473483676887132,0.004133704995835326,0.005300270335376666
matern2,0.5,69406,in_regime_0.9,19922,0.1068157719693825,0.09956892811222554,0.007246843857156959,0.006649592750441154,0.00778812181563719
matern2,0.5,69406,out_regime_0.5,1546,0.25616573870672904,0.3005016987872966,-0.04433596008056756,-0.04768703121227474,-0.041559665839917076
matern2,0.5,69406,out_regime_0.9,4078,0.20125260586278546,0.2254055432953471,-0.02415293743256164,-0.026181511578261655,-0.02254618956062624
matern2,0.5,69406,routed_to_f,8059,0.1137482895996828,0.11436535344358614,-0.0006170638439033371,-0.0018710771657838182,0.0004615615864187248
matern2,0.5,69406,routed_in_regime_0.5,7936,0.10147231132525608,0.09818921931718895,0.0032830920080671316,0.002228374040966498,0.004287005118112084
matern2,0.5,69406,routed_in_regime_0.9,7660,0.09621896440515817,0.09082870253662428,0.005390261868533891,0.004376898985531635,0.006475878604957789
matern2,0.9,61576,all,24000,0.13040832665166913,0.15806807301354409,-0.02765974636187496,-0.029492601723562398,-0.02566496051752
matern2,0.9,61576,in_regime_0.5,22454,0.11458337740350111,0.1178571426502613,-0.0032737652467601935,-0.004419252205779326,-0.002349832504373607
matern2,0.9,61576,in_regime_0.9,19922,0.1068157719693825,0.0953282947299732,0.011487477239409294,0.010569382810203828,0.012226980290649477
matern2,0.9,61576,out_regime_0.5,1546,0.25616573870672904,0.40964620746233715,-0.1534804687556081,-0.16096311952285225,-0.14797992638024712
matern2,0.9,61576,out_regime_0.9,4078,0.20125260586278546,0.3027473657795637,-0.10149475991677823,-0.10624567104733154,-0.0978041129593313
matern2,0.9,61576,routed_to_f,8059,0.1137482895996828,0.11988592691247466,-0.006137637312791849,-0.00790141223853413,-0.004265356308468901
matern2,0.9,61576,routed_in_regime_0.5,7936,0.10147231132525608,0.09989770414044204,0.0015746071848140447,0.000208152158230698,0.0031133222506710715
matern2,0.9,61576,routed_in_regime_0.9,7660,0.09621896440515817,0.0878380975166955,0.008380866888462679,0.007171160235148259,0.009474352060202876
ring,0.5,54444,all,24000,0.6419255597994116,0.6727965180141017,-0.030870958214690103,-0.03311594970271153,-0.028232901942331325
ring,0.5,54444,in_regime_0.5,17656,0.5963246251084973,0.5748826284918814,0.021441996616615833,0.019392672791195564,0.02333788857192119
ring,0.5,54444,in_regime_0.9,10676,0.49821566423758895,0.4791736664537949,0.019041997783794062,0.017379744479265238,0.02090157933069898
ring,0.5,54444,out_regime_0.5,6344,0.7503800149435818,0.8731802937782829,-0.12280027883470113,-0.1264779471266042,-0.1185107502035131
ring,0.5,54444,out_regime_0.9,13324,0.7355185519376328,0.792082019459674,-0.05656346752204122,-0.059753780017372096,-0.05331976271808434
ring,0.5,54444,routed_to_f,6730,0.4918032644320734,0.49368598059587576,-0.001882716163802367,-0.004022006718803897,0.0006149917271652959
ring,0.5,54444,routed_in_regime_0.5,6474,0.47286205524687036,0.4680178673522376,0.0048441878946327566,0.002822284729415038,0.006844180110904008
ring,0.5,54444,routed_in_regime_0.9,5599,0.41375139043269726,0.40668696207394767,0.007064428358749597,0.005068407901916067,0.008902541497582423
ring,0.9,32744,all,24000,0.6419255597994116,0.7861385831019111,-0.14421302330249952,-0.1479764847833259,-0.13961193511362413
ring,0.9,32744,in_regime_0.5,17656,0.5963246251084973,0.6282379260969703,-0.031913300988473,-0.036161471858481176,-0.02816118217375713
ring,0.9,32744,in_regime_0.9,10676,0.49821566423758895,0.4561601918534668,0.04205547238412216,0.037953212473545245,0.04568477719590755
ring,0.9,32744,out_regime_0.5,6344,0.7503800149435818,1.0887187958378075,-0.33833878089422575,-0.3466698319000185,-0.33045535578043517
ring,0.9,32744,out_regime_0.9,13324,0.7355185519376328,0.9640088381090103,-0.22849028617137745,-0.2335845276774227,-0.22279297833384068
ring,0.9,32744,routed_to_f,6730,0.4918032644320734,0.5296350865460739,-0.037831822114000546,-0.04376845101296499,-0.03249616189161266
ring,0.9,32744,routed_in_regime_0.5,6474,0.47286205524687036,0.48969268257778126,-0.016830627330910897,-0.021552154082655643,-0.011654170183847564
ring,0.9,32744,routed_in_regime_0.9,5599,0.41375139043269726,0.39295191584780736,0.0207994745848899,0.016566742785152577,0.025171191439715
matern1,0.5,70168,all,24000,0.15576309163668323,0.15893800356895565,-0.0031749119322724284,-0.003958087922669903,-0.0023714986607430103
matern1,0.5,70168,in_regime_0.5,22788,0.14305741949554063,0.13968492625726928,0.0033724932382713513,0.002732772412299396,0.00411940210842922
matern1,0.5,70168,in_regime_0.9,18748,0.1283443257648535,0.12093022707772236,0.007414098687131138,0.006833546754533578,0.008201978531314177
matern1,0.5,70168,out_regime_0.5,1212,0.2950796788243033,0.3440382350237119,-0.04895855619940859,-0.05244489647233278,-0.046162473095426794
matern1,0.5,70168,out_regime_0.9,5252,0.2192367987459608,0.23898146209983154,-0.019744663353870734,-0.021682741113529,-0.018183105102618478
matern1,0.5,70168,routed_to_f,18216,0.15132211196314277,0.15204990586713985,-0.000727793903997076,-0.0013899197438456974,4.480635746197749e-05
matern1,0.5,70168,routed_in_regime_0.5,17939,0.1401892827341788,0.13845054818132874,0.001738734552850063,0.0011164081987873,0.002441063071871714
matern1,0.5,70168,routed_in_regime_0.9,15913,0.124244777494576,0.11818719793176483,0.00605757956281118,0.005442598902366966,0.006858323574243812
matern1,0.9,58038,all,24000,0.15576309163668323,0.17851861358128632,-0.02275552194460309,-0.024337112314466707,-0.021210979255207717
matern1,0.9,58038,in_regime_0.5,22788,0.14305741949554063,0.1518889339485583,-0.008831514453017664,-0.010055076693784262,-0.007668492790701657
matern1,0.9,58038,in_regime_0.9,18748,0.1283443257648535,0.11236187742585849,0.01598244833899501,0.015044421058723032,0.01700215413470917
matern1,0.9,58038,out_regime_0.5,1212,0.2950796788243033,0.4274020351115677,-0.1323223562872644,-0.1374653021374623,-0.12783857822974187
matern1,0.9,58038,out_regime_0.9,5252,0.2192367987459608,0.3014406687534738,-0.082203870007513,-0.08496590469522741,-0.07925659679903907
matern1,0.9,58038,routed_to_f,18216,0.15132211196314277,0.16292988743847023,-0.011607775475327459,-0.012886798909760995,-0.010374970386313296
matern1,0.9,58038,routed_in_regime_0.5,17939,0.1401892827341788,0.14568139946058145,-0.005492116726402652,-0.0068230403691664,-0.004301351247751952
matern1,0.9,58038,routed_in_regime_0.9,15913,0.124244777494576,0.11074076483960008,0.01350401265497593,0.012544684237126553,0.01464161974713163
