case_id,dv,set,family,index,cell_id,level_id,rep,spawn_key,r_seed,split,shard,nbar,mu,s,mu1,mu2,s2,rho,tau,gamma,sigma2,sp,kappa,sigma,sigma1,lam_p,R,beta,mu_log,s_abs,grid_M,delta_tilde,tau_K,tau_K2,prior_tries,n,pattern_tries,sampler,buffer,n_parents,pad_P,min_eig,cftp_start,mh_steps,burnin,wall_s,sha1
dv3-train-poisson-003500,3,train,poisson,3500,,,,3:0:0:3500,,train,7,597.356448744464,,,,,,,,,,,,,,,,,,,,0.0,,,1,621,1,exact,,,,,,,,7.041599747026339e-05,e8fdf7cfcc5fbe036783542dd1c383d74da7d3a1
dv3-train-poisson-003501,3,train,poisson,3501,,,,3:0:0:3501,,train,7,188.70656333105828,,,,,,,,,,,,,,,,,,,,0.0,,,1,182,1,exact,,,,,,,,2.4291999579872936e-05,2ddf2cfbec57587e89ab83a626f9e31088761aee
dv3-train-poisson-003502,3,train,poisson,3502,,,,3:0:0:3502,,train,7,106.88189087542557,,,,,,,,,,,,,,,,,,,,0.0,,,1,100,1,exact,,,,,,,,1.5499997971346602e-05,5d1a6d5e0c7e97f7ecb2a27cdffc9f054decb5e7
dv3-train-poisson-003503,3,train,poisson,3503,,,,3:0:0:3503,,train,7,429.5979728934504,,,,,,,,,,,,,,,,,,,,0.0,,,1,435,1,exact,,,,,,,,1.7416998161934316e-05,193a5220f347748829290b672eceef8f60aedbde
dv3-train-poisson-003504,3,train,poisson,3504,,,,3:0:0:3504,,train,7,603.4864445121493,,,,,,,,,,,,,,,,,,,,0.0,,,1,628,1,exact,,,,,,,,2.2041996999178082e-05,89e7d052b3a382f47b5b1f228e32792fc99785af
dv3-train-poisson-003505,3,train,poisson,3505,,,,3:0:0:3505,,train,7,174.99681434482818,,,,,,,,,,,,,,,,,,,,0.0,,,1,159,1,exact,,,,,,,,1.270900247618556e-05,f56da03fb8d6213dece7f2366c0fecb98c1fa13d
dv3-train-poisson-003506,3,train,poisson,3506,,,,3:0:0:3506,,train,7,327.3954311969692,,,,,,,,,,,,,,,,,,,,0.0,,,1,360,1,exact,,,,,,,,1.4417000784305856e-05,118b9af3f7c158d239e9e2a991609135f5b70feb
dv3-train-poisson-003507,3,train,poisson,3507,,,,3:0:0:3507,,train,7,609.8346997026484,,,,,,,,,,,,,,,,,,,,0.0,,,1,620,1,exact,,,,,,,,1.9291001081001014e-05,668edc8fdba7a8ad02e70df34a6c8a146493ee4e
dv3-train-poisson-003508,3,train,poisson,3508,,,,3:0:0:3508,,train,7,152.49165730172066,,,,,,,,,,,,,,,,,,,,0.0,,,1,149,1,exact,,,,,,,,1.1666998034343123e-05,cb4f3d828516b31b2e1a1a35986276bd94fc1c14
dv3-train-poisson-003509,3,train,poisson,3509,,,,3:0:0:3509,,train,7,689.0037684836302,,,,,,,,,,,,,,,,,,,,0.0,,,1,704,1,exact,,,,,,,,1.904199962154962e-05,b8dc4cef132cab716e0327cfa79c5791b64a6585
dv3-train-poisson-003510,3,train,poisson,3510,,,,3:0:0:3510,,train,7,343.4377366229668,,,,,,,,,,,,,,,,,,,,0.0,,,1,351,1,exact,,,,,,,,1.3916000170866027e-05,a17dc90d315f48cabed55d6e04010996d8147de9
dv3-train-poisson-003511,3,train,poisson,3511,,,,3:0:0:3511,,train,7,501.87985024324126,,,,,,,,,,,,,,,,,,,,0.0,,,1,497,1,exact,,,,,,,,1.5375000657513738e-05,299ed9d8e5a6ae8e094a042e75cd791bdb67f841
dv3-train-poisson-003512,3,train,poisson,3512,,,,3:0:0:3512,,train,7,351.9365668916415,,,,,,,,,,,,,,,,,,,,0.0,,,1,358,1,exact,,,,,,,,1.3749999197898433e-05,792a4dce8f3206577ac5d19609b0d04ed3935303
dv3-train-poisson-003513,3,train,poisson,3513,,,,3:0:0:3513,,train,7,192.16579512151745,,,,,,,,,,,,,,,,,,,,0.0,,,1,183,1,exact,,,,,,,,1.1459000234026462e-05,44cd07246d9efe5aa22fbf49d043df1e7f146543
dv3-train-poisson-003514,3,train,poisson,3514,,,,3:0:0:3514,,train,7,250.73889984136733,,,,,,,,,,,,,,,,,,,,0.0,,,1,229,1,exact,,,,,,,,1.195799995912239e-05,6e2f0facf88ed91c2bc55ad3683544ef1a0dfbb4
dv3-train-poisson-003515,3,train,poisson,3515,,,,3:0:0:3515,,train,7,144.06889177595994,,,,,,,,,,,,,,,,,,,,0.0,,,1,155,1,exact,,,,,,,,1.1249998351559043e-05,fd1e149039d57e6f53ec0224607ab23946f5d9fc
dv3-train-poisson-003516,3,train,poisson,3516,,,,3:0:0:3516,,train,7,453.5425213686339,,,,,,,,,,,,,,,,,,,,0.0,,,1,445,1,exact,,,,,,,,1.8833998183254153e-05,e2d1b47b644438b3b2013053adbef0497ca4ab0a
dv3-train-poisson-003517,3,train,poisson,3517,,,,3:0:0:3517,,train,7,581.6045967368484,,,,,,,,,,,,,,,,,,,,0.0,,,1,562,1,exact,,,,,,,,1.5708003047620878e-05,7461441e245294ecf1560847c37c07094adac24d
dv3-train-poisson-003518,3,train,poisson,3518,,,,3:0:0:3518,,train,7,243.12416333482943,,,,,,,,,,,,,,,,,,,,0.0,,,1,247,1,exact,,,,,,,,1.3542001397581771e-05,be5dba0c71d3b19f3c3593bff7913686261c40a5
dv3-train-poisson-003519,3,train,poisson,3519,,,,3:0:0:3519,,train,7,237.24578887318768,,,,,,,,,,,,,,,,,,,,0.0,,,1,231,1,exact,,,,,,,,1.2166001397417858e-05,66ea8f191752932b3e957336ac43f73caa62ddb4
dv3-train-poisson-003520,3,train,poisson,3520,,,,3:0:0:3520,,train,7,538.8489274252173,,,,,,,,,,,,,,,,,,,,0.0,,,1,528,1,exact,,,,,,,,1.5333000192185864e-05,0645e87161d6ba440674d604072d1f778b571169
dv3-train-poisson-003521,3,train,poisson,3521,,,,3:0:0:3521,,train,7,128.21743857502543,,,,,,,,,,,,,,,,,,,,0.0,,,1,128,1,exact,,,,,,,,1.06250008684583e-05,0d69dc43583140d223cbe953962736716df8e1a6
dv3-train-poisson-003522,3,train,poisson,3522,,,,3:0:0:3522,,train,7,528.1013046485577,,,,,,,,,,,,,,,,,,,,0.0,,,1,533,1,exact,,,,,,,,1.5875000826781616e-05,d8011f5c3254c93068688c9fbea1460db5f14275
dv3-train-poisson-003523,3,train,poisson,3523,,,,3:0:0:3523,,train,7,449.0948978606955,,,,,,,,,,,,,,,,,,,,0.0,,,1,479,1,exact,,,,,,,,1.591700129210949e-05,f5d435a1387bf59a30e201afd7a68e5f0a513f56
dv3-train-poisson-003524,3,train,poisson,3524,,,,3:0:0:3524,,train,7,307.59045149971166,,,,,,,,,,,,,,,,,,,,0.0,,,1,310,1,exact,,,,,,,,1.2917000276502222e-05,98da30455590cb17fb1ad605edd180f71c437518
dv3-train-poisson-003525,3,train,poisson,3525,,,,3:0:0:3525,,train,7,572.6712458443434,,,,,,,,,,,,,,,,,,,,0.0,,,1,558,1,exact,,,,,,,,1.5334000636357814e-05,76f547c88335b103116a34dc6dd13287bb1527e7
dv3-train-poisson-003526,3,train,poisson,3526,,,,3:0:0:3526,,train,7,268.41336796147306,,,,,,,,,,,,,,,,,,,,0.0,,,1,235,1,exact,,,,,,,,1.208300091093406e-05,0b8da6b5c900c1f8803f636799f5338a859958c1
dv3-train-poisson-003527,3,train,poisson,3527,,,,3:0:0:3527,,train,7,628.7003172247149,,,,,,,,,,,,,,,,,,,,0.0,,,1,636,1,exact,,,,,,,,1.758299913490191e-05,b4bed059ef0e24c04a87bb3c04f9aabeda11f0c2
dv3-train-poisson-003528,3,train,poisson,3528,,,,3:0:0:3528,,train,7,280.7644486787657,,,,,,,,,,,,,,,,,,,,0.0,,,1,302,1,exact,,,,,,,,1.237499964190647e-05,c4cfa7a08e7c265f1b06c8434809b5be80e2e07f
dv3-train-poisson-003529,3,train,poisson,3529,,,,3:0:0:3529,,train,7,252.53993007305223,,,,,,,,,,,,,,,,,,,,0.0,,,1,280,1,exact,,,,,,,,1.2208998668938875e-05,aafe7e4c16a4c2b30a87f8f366c19dd1c36e1b33
dv3-train-poisson-003530,3,train,poisson,3530,,,,3:0:0:3530,,train,7,514.7871921922319,,,,,,,,,,,,,,,,,,,,0.0,,,1,503,1,exact,,,,,,,,1.4375000318977982e-05,f12419544d6eb738faf835f4a984d2545d474621
dv3-train-poisson-003531,3,train,poisson,3531,,,,3:0:0:3531,,train,7,242.05518377676202,,,,,,,,,,,,,,,,,,,,0.0,,,1,251,1,exact,,,,,,,,1.1833002645289525e-05,8f71dc655db54a6889127b7b75a5fb29a222b4da
dv3-train-poisson-003532,3,train,poisson,3532,,,,3:0:0:3532,,train,7,267.10140295803274,,,,,,,,,,,,,,,,,,,,0.0,,,1,275,1,exact,,,,,,,,1.1916999937966466e-05,28e52d1e4e3d606baca31fd4d63ce2fca00f4e48
dv3-train-poisson-003533,3,train,poisson,3533,,,,3:0:0:3533,,train,7,403.82795542118527,,,,,,,,,,,,,,,,,,,,0.0,,,1,390,1,exact,,,,,,,,1.424999936716631e-05,d4d1d86e88b1122934f94714c81c94b7f6b58ce6
dv3-train-poisson-003534,3,train,poisson,3534,,,,3:0:0:3534,,train,7,314.0763229241784,,,,,,,,,,,,,,,,,,,,0.0,,,1,290,1,exact,,,,,,,,1.195799995912239e-05,b160eb9d1953a87b13f6acf9355cd0d47a1c5133
dv3-train-poisson-003535,3,train,poisson,3535,,,,3:0:0:3535,,train,7,104.92171825324877,,,,,,,,,,,,,,,,,,,,0.0,,,1,115,1,exact,,,,,,,,1.0042000212706625e-05,aca101d63965c0d642ddc07c761d92f4d919ccef
dv3-train-poisson-003536,3,train,poisson,3536,,,,3:0:0:3536,,train,7,493.53132015373217,,,,,,,,,,,,,,,,,,,,0.0,,,1,496,1,exact,,,,,,,,1.612499909242615e-05,6c8d0b98e1bb36676299b9f75bd172a3af2e4974
dv3-train-poisson-003537,3,train,poisson,3537,,,,3:0:0:3537,,train,7,151.7038501167998,,,,,,,,,,,,,,,,,,,,0.0,,,1,143,1,exact,,,,,,,,1.0583000403130427e-05,e23fbf429dc5e9617ec66391cbdf66927f2a0c5b
dv3-train-poisson-003538,3,train,poisson,3538,,,,3:0:0:3538,,train,7,261.266144983044,,,,,,,,,,,,,,,,,,,,0.0,,,1,275,1,exact,,,,,,,,6.570799814653583e-05,0d015991f9ea15822d20098a89244ca6651499d4
dv3-train-poisson-003539,3,train,poisson,3539,,,,3:0:0:3539,,train,7,701.753910370321,,,,,,,,,,,,,,,,,,,,0.0,,,1,680,1,exact,,,,,,,,3.6041001294506714e-05,c7c5490d0b33a87d982df6b64ce2bdb75242c8db
dv3-train-poisson-003540,3,train,poisson,3540,,,,3:0:0:3540,,train,7,256.89478889957707,,,,,,,,,,,,,,,,,,,,0.0,,,1,296,1,exact,,,,,,,,2.0332998246885836e-05,30a8d1d4290dde6109497857979e290a3fd58fc5
dv3-train-poisson-003541,3,train,poisson,3541,,,,3:0:0:3541,,train,7,139.92530798677626,,,,,,,,,,,,,,,,,,,,0.0,,,1,129,1,exact,,,,,,,,1.3624998246086761e-05,705ae040565d1a1972189fde75a95559685305b6
dv3-train-poisson-003542,3,train,poisson,3542,,,,3:0:0:3542,,train,7,390.9533350711355,,,,,,,,,,,,,,,,,,,,0.0,,,1,386,1,exact,,,,,,,,1.529200017102994e-05,9fc42780da0226a206785167b20c036eb683a100
dv3-train-poisson-003543,3,train,poisson,3543,,,,3:0:0:3543,,train,7,608.7694551584005,,,,,,,,,,,,,,,,,,,,0.0,,,1,639,1,exact,,,,,,,,2.2374999389285222e-05,143eac62ba77b311890a566cb46f560d9fb46e12
dv3-train-poisson-003544,3,train,poisson,3544,,,,3:0:0:3544,,train,7,225.74311419553075,,,,,,,,,,,,,,,,,,,,0.0,,,1,208,1,exact,,,,,,,,1.2583001080201939e-05,4715ce5ecbb34cab5d78efbfc04189fa74140b4d
dv3-train-poisson-003545,3,train,poisson,3545,,,,3:0:0:3545,,train,7,490.8651430609173,,,,,,,,,,,,,,,,,,,,0.0,,,1,497,1,exact,,,,,,,,1.570799940964207e-05,7e3f23eed375246997f995f6139fc196c2858f1b
dv3-train-poisson-003546,3,train,poisson,3546,,,,3:0:0:3546,,train,7,206.62851576384656,,,,,,,,,,,,,,,,,,,,0.0,,,1,210,1,exact,,,,,,,,1.2167001841589808e-05,3d8e76a81f1c346fe824b6a8aed5fda378d22ae1
dv3-train-poisson-003547,3,train,poisson,3547,,,,3:0:0:3547,,train,7,102.2799993124057,,,,,,,,,,,,,,,,,,,,0.0,,,1,101,1,exact,,,,,,,,1.0333998943679035e-05,3c2ef0d54236a6ec65d41964b2bd6e179643a725
dv3-train-poisson-003548,3,train,poisson,3548,,,,3:0:0:3548,,train,7,120.21230333212839,,,,,,,,,,,,,,,,,,,,0.0,,,1,109,1,exact,,,,,,,,1.020900162984617e-05,94f66f6b0242fe9bdcb98b6de3c4d5b9a6df1719
dv3-train-poisson-003549,3,train,poisson,3549,,,,3:0:0:3549,,train,7,349.55255395578837,,,,,,,,,,,,,,,,,,,,0.0,,,1,316,1,exact,,,,,,,,1.2832999345846474e-05,13ef59d58fd092640685157d4886f7325df01936
dv3-train-poisson-003550,3,train,poisson,3550,,,,3:0:0:3550,,train,7,257.27976552573966,,,,,,,,,,,,,,,,,,,,0.0,,,1,242,1,exact,,,,,,,,1.1832999007310718e-05,04bf28013187d58514894219725b115e5e3f7d3d
dv3-train-poisson-003551,3,train,poisson,3551,,,,3:0:0:3551,,train,7,595.215764214672,,,,,,,,,,,,,,,,,,,,0.0,,,1,602,1,exact,,,,,,,,1.8165999790653586e-05,8daed55f8e2e5c964e7f841771033e4b408f81f6
dv3-train-poisson-003552,3,train,poisson,3552,,,,3:0:0:3552,,train,7,116.3578856585459,,,,,,,,,,,,,,,,,,,,0.0,,,1,104,1,exact,,,,,,,,9.958999726222828e-06,9f31cfc83f492cef75ed83d89ca7d0d3b3cc0350
dv3-train-poisson-003553,3,train,poisson,3553,,,,3:0:0:3553,,train,7,151.3396191888169,,,,,,,,,,,,,,,,,,,,0.0,,,1,154,1,exact,,,,,,,,1.2959000741830096e-05,0eda3fc6d8dc0c8dc1e79f53ffd9fb79eecf4f5d
dv3-train-poisson-003554,3,train,poisson,3554,,,,3:0:0:3554,,train,7,127.83552972087686,,,,,,,,,,,,,,,,,,,,0.0,,,1,124,1,exact,,,,,,,,1.0374998964834958e-05,82fc5fd4fff68ced055784dd8811939203b4e7a0
dv3-train-poisson-003555,3,train,poisson,3555,,,,3:0:0:3555,,train,7,114.6862882699484,,,,,,,,,,,,,,,,,,,,0.0,,,1,118,1,exact,,,,,,,,9.957999282050878e-06,0814d92d94f81e5ac855cda1ac657b410ed884a3
dv3-train-poisson-003556,3,train,poisson,3556,,,,3:0:0:3556,,train,7,281.5883414223958,,,,,,,,,,,,,,,,,,,,0.0,,,1,267,1,exact,,,,,,,,1.1749998520826921e-05,c22b566a6376f41a006d254484db0943cdb38b99
dv3-train-poisson-003557,3,train,poisson,3557,,,,3:0:0:3557,,train,7,132.84982955668312,,,,,,,,,,,,,,,,,,,,0.0,,,1,129,1,exact,,,,,,,,1.0666997695807368e-05,6399d0c85dc9d83ada873bf0f8f901973d5f0d62
dv3-train-poisson-003558,3,train,poisson,3558,,,,3:0:0:3558,,train,7,312.90071652366237,,,,,,,,,,,,,,,,,,,,0.0,,,1,322,1,exact,,,,,,,,1.2332999176578596e-05,1f95edaa560d89fff582d28d4d8523f9625507b3
dv3-train-poisson-003559,3,train,poisson,3559,,,,3:0:0:3559,,train,7,131.76151263466502,,,,,,,,,,,,,,,,,,,,0.0,,,1,149,1,exact,,,,,,,,1.2332999176578596e-05,4ef4b45f891a46c3cdd0efb1564407b49ea3e36d
dv3-train-poisson-003560,3,train,poisson,3560,,,,3:0:0:3560,,train,7,228.92099598217382,,,,,,,,,,,,,,,,,,,,0.0,,,1,212,1,exact,,,,,,,,1.1083000572398305e-05,fbf75d75a48e82caaa7d93ba41156827eaa2b1be
dv3-train-poisson-003561,3,train,poisson,3561,,,,3:0:0:3561,,train,7,128.40388637088606,,,,,,,,,,,,,,,,,,,,0.0,,,1,139,1,exact,,,,,,,,1.0167001164518297e-05,7079e812aead09515942bb0323a66df36cf80877
dv3-train-poisson-003562,3,train,poisson,3562,,,,3:0:0:3562,,train,7,214.0778454682716,,,,,,,,,,,,,,,,,,,,0.0,,,1,223,1,exact,,,,,,,,1.0957999620586634e-05,de13ea7c05f37d3aba7a212e5f51babbd519cd4d
dv3-train-poisson-003563,3,train,poisson,3563,,,,3:0:0:3563,,train,7,425.0555760699909,,,,,,,,,,,,,,,,,,,,0.0,,,1,403,1,exact,,,,,,,,1.4790999557590112e-05,f12581415fbefbd439b1331fde3f3864479c4a83
dv3-train-poisson-003564,3,train,poisson,3564,,,,3:0:0:3564,,train,7,306.7583417632335,,,,,,,,,,,,,,,,,,,,0.0,,,1,332,1,exact,,,,,,,,1.237499964190647e-05,cd30a9f60deacb5cdc684532beb8f30a39128474
dv3-train-poisson-003565,3,train,poisson,3565,,,,3:0:0:3565,,train,7,181.88018609702962,,,,,,,,,,,,,,,,,,,,0.0,,,1,159,1,exact,,,,,,,,1.0125000699190423e-05,d19c7ec121ed489ef69d2411dab23586afa4471f
dv3-train-poisson-003566,3,train,poisson,3566,,,,3:0:0:3566,,train,7,381.72836066913464,,,,,,,,,,,,,,,,,,,,0.0,,,1,405,1,exact,,,,,,,,1.2999997125007212e-05,d5db2d5b7d35fbea44aa8f08ab68496bfccf37f9
dv3-train-poisson-003567,3,train,poisson,3567,,,,3:0:0:3567,,train,7,354.17587319195604,,,,,,,,,,,,,,,,,,,,0.0,,,1,382,1,exact,,,,,,,,1.3500000932253897e-05,df054f5cb735fbf5459ba200697a6bdb934bc274
dv3-train-poisson-003568,3,train,poisson,3568,,,,3:0:0:3568,,train,7,295.9541382469483,,,,,,,,,,,,,,,,,,,,0.0,,,1,316,1,exact,,,,,,,,1.2541000614874065e-05,0470daef978d4b09c7f30d0c72a2a1feb3d961db
dv3-train-poisson-003569,3,train,poisson,3569,,,,3:0:0:3569,,train,7,247.5414602515757,,,,,,,,,,,,,,,,,,,,0.0,,,1,257,1,exact,,,,,,,,3.516699871397577e-05,a3040c3791e80ead7def009bac969baad917b12f
dv3-train-poisson-003570,3,train,poisson,3570,,,,3:0:0:3570,,train,7,242.68557791921918,,,,,,,,,,,,,,,,,,,,0.0,,,1,256,1,exact,,,,,,,,1.154200072051026e-05,bddd800336960a0836aaf48a6c498a6d8c78d6ee
dv3-train-poisson-003571,3,train,poisson,3571,,,,3:0:0:3571,,train,7,454.3732674310009,,,,,,,,,,,,,,,,,,,,0.0,,,1,442,1,exact,,,,,,,,1.4208002539817244e-05,1f1328c62f1eb3de6cb22a087c6a6921aa77df81
dv3-train-poisson-003572,3,train,poisson,3572,,,,3:0:0:3572,,train,7,141.21372532899542,,,,,,,,,,,,,,,,,,,,0.0,,,1,134,1,exact,,,,,,,,1.0332998499507084e-05,7df7262196171fd8d6f7f1054639287922b60951
dv3-train-poisson-003573,3,train,poisson,3573,,,,3:0:0:3573,,train,7,185.07544488838403,,,,,,,,,,,,,,,,,,,,0.0,,,1,190,1,exact,,,,,,,,1.0957999620586634e-05,8c2b124591dddaf6bcb1abe08379886e04f5365f
dv3-train-poisson-003574,3,train,poisson,3574,,,,3:0:0:3574,,train,7,240.08264642973236,,,,,,,,,,,,,,,,,,,,0.0,,,1,236,1,exact,,,,,,,,1.5207999240374193e-05,e84d7d58d62dd6e645d7bc0ce3b87d5919a86c9e
dv3-train-poisson-003575,3,train,poisson,3575,,,,3:0:0:3575,,train,7,117.06787969027619,,,,,,,,,,,,,,,,,,,,0.0,,,1,126,1,exact,,,,,,,,9.999999747378752e-06,e1dd0dbb99100da14a780c0f502490efbd0fe00f
dv3-train-poisson-003576,3,train,poisson,3576,,,,3:0:0:3576,,train,7,693.7684719154972,,,,,,,,,,,,,,,,,,,,0.0,,,1,643,1,exact,,,,,,,,1.6083002265077084e-05,40c872a56716d21eb9e7aea07df6076b1b0847f3
dv3-train-poisson-003577,3,train,poisson,3577,,,,3:0:0:3577,,train,7,538.4366613478691,,,,,,,,,,,,,,,,,,,,0.0,,,1,549,1,exact,,,,,,,,1.67500002135057e-05,52cff2f5964dce67510c99c673bcbb9b97e1ed47
dv3-train-poisson-003578,3,train,poisson,3578,,,,3:0:0:3578,,train,7,666.3746842850488,,,,,,,,,,,,,,,,,,,,0.0,,,1,729,1,exact,,,,,,,,1.7207999917445704e-05,454244ea8c7f2e88894da8e03e82feb52a4e4843
dv3-train-poisson-003579,3,train,poisson,3579,,,,3:0:0:3579,,train,7,232.13822303448256,,,,,,,,,,,,,,,,,,,,0.0,,,1,218,1,exact,,,,,,,,1.1000000085914508e-05,33bd37fb002994553cc78b9e5330b27f1921285d
dv3-train-poisson-003580,3,train,poisson,3580,,,,3:0:0:3580,,train,7,777.980417684022,,,,,,,,,,,,,,,,,,,,0.0,,,1,771,1,exact,,,,,,,,1.8667000404093415e-05,05e8d617eab5ed40e89101d09db39446a9a9e682
dv3-train-poisson-003581,3,train,poisson,3581,,,,3:0:0:3581,,train,7,721.9982671213803,,,,,,,,,,,,,,,,,,,,0.0,,,1,734,1,exact,,,,,,,,1.695800165180117e-05,324b271501587c1ef9949aeb82894545cd040b5b
dv3-train-poisson-003582,3,train,poisson,3582,,,,3:0:0:3582,,train,7,104.32979611971038,,,,,,,,,,,,,,,,,,,,0.0,,,1,121,1,exact,,,,,,,,9.790997864911333e-06,3ea8ea70482d5cecb7489bd1b7e558543132d3a0
dv3-train-poisson-003583,3,train,poisson,3583,,,,3:0:0:3583,,train,7,433.9063255225052,,,,,,,,,,,,,,,,,,,,0.0,,,1,448,1,exact,,,,,,,,1.3667002349393442e-05,f4a2e67c818121ad2a4de3eb9d1e09f1a80d2950
dv3-train-poisson-003584,3,train,poisson,3584,,,,3:0:0:3584,,train,7,120.04643611477978,,,,,,,,,,,,,,,,,,,,0.0,,,1,125,1,exact,,,,,,,,9.87499879556708e-06,a271e22af87546cb146f26e837254a90cd4161fd
dv3-train-poisson-003585,3,train,poisson,3585,,,,3:0:0:3585,,train,7,365.87325558136587,,,,,,,,,,,,,,,,,,,,0.0,,,1,371,1,exact,,,,,,,,1.2749998859362677e-05,548e5d2b8b1fd5a9cb7acaca7f2d8482853c3a21
dv3-train-poisson-003586,3,train,poisson,3586,,,,3:0:0:3586,,train,7,106.99495698645882,,,,,,,,,,,,,,,,,,,,0.0,,,1,96,1,exact,,,,,,,,1.020900162984617e-05,d443e20f591ac14fd3493a0bf6748019f0401888
dv3-train-poisson-003587,3,train,poisson,3587,,,,3:0:0:3587,,train,7,152.6322440357682,,,,,,,,,,,,,,,,,,,,0.0,,,1,153,1,exact,,,,,,,,1.0542000381974503e-05,0a35e0db771f63bd7268049ffe6f7a59b7561dd1
dv3-train-poisson-003588,3,train,poisson,3588,,,,3:0:0:3588,,train,7,198.2010035550397,,,,,,,,,,,,,,,,,,,,0.0,,,1,220,1,exact,,,,,,,,1.1166997865075245e-05,ba34b8152de04f44a7955329a38c8c41da3798f9
dv3-train-poisson-003589,3,train,poisson,3589,,,,3:0:0:3589,,train,7,143.6293201679121,,,,,,,,,,,,,,,,,,,,0.0,,,1,149,1,exact,,,,,,,,1.0416999430162832e-05,ef964a526b7c2446ff9a56e471c1109599c0629f
dv3-train-poisson-003590,3,train,poisson,3590,,,,3:0:0:3590,,train,7,716.5049818714256,,,,,,,,,,,,,,,,,,,,0.0,,,1,764,1,exact,,,,,,,,1.925000105984509e-05,3fd14e58e6a7cd2a9f2cf25562404de7892db383
dv3-train-poisson-003591,3,train,poisson,3591,,,,3:0:0:3591,,train,7,195.91185156005636,,,,,,,,,,,,,,,,,,,,0.0,,,1,184,1,exact,,,,,,,,1.2249998690094799e-05,ae003b6119a66f5d0d08f89d26cf0e4abff19a8f
dv3-train-poisson-003592,3,train,poisson,3592,,,,3:0:0:3592,,train,7,537.5107754318458,,,,,,,,,,,,,,,,,,,,0.0,,,1,595,1,exact,,,,,,,,1.5875000826781616e-05,eba5f85b9665cae7034cc918b8c6b5b56b50b8f3
dv3-train-poisson-003593,3,train,poisson,3593,,,,3:0:0:3593,,train,7,256.4969031376477,,,,,,,,,,,,,,,,,,,,0.0,,,1,291,1,exact,,,,,,,,1.2332999176578596e-05,1e8789c41a0d8c5b5521ae66c3393adc427ea3c7
dv3-train-poisson-003594,3,train,poisson,3594,,,,3:0:0:3594,,train,7,471.2685692402978,,,,,,,,,,,,,,,,,,,,0.0,,,1,450,1,exact,,,,,,,,1.6583002434344962e-05,da2bcb6e1f02f23d883f2ae32b66b316b0562ead
dv3-train-poisson-003595,3,train,poisson,3595,,,,3:0:0:3595,,train,7,404.4268286224934,,,,,,,,,,,,,,,,,,,,0.0,,,1,404,1,exact,,,,,,,,1.3624998246086761e-05,933112ebedeae97a9a137d1ba04dfd0be9cd1521
dv3-train-poisson-003596,3,train,poisson,3596,,,,3:0:0:3596,,train,7,543.3055292015263,,,,,,,,,,,,,,,,,,,,0.0,,,1,563,1,exact,,,,,,,,1.6374997358070686e-05,2a2b6226bc61e15449cdbae6d6a8943d8e17ca2b
dv3-train-poisson-003597,3,train,poisson,3597,,,,3:0:0:3597,,train,7,221.43883561562717,,,,,,,,,,,,,,,,,,,,0.0,,,1,223,1,exact,,,,,,,,1.133299883804284e-05,43923a9753c49379b1ae726559cf676785c38100
dv3-train-poisson-003598,3,train,poisson,3598,,,,3:0:0:3598,,train,7,394.1202691389,,,,,,,,,,,,,,,,,,,,0.0,,,1,419,1,exact,,,,,,,,1.349999729427509e-05,01c5662bb65747a68f7e706a18d08da8fa7e03fa
dv3-train-poisson-003599,3,train,poisson,3599,,,,3:0:0:3599,,train,7,445.40813236266905,,,,,,,,,,,,,,,,,,,,0.0,,,1,446,1,exact,,,,,,,,1.3749999197898433e-05,4b83713fa71b18b7e4aeac6af081c7e368b332cd
dv3-train-poisson-003600,3,train,poisson,3600,,,,3:0:0:3600,,train,7,355.01812674174806,,,,,,,,,,,,,,,,,,,,0.0,,,1,360,1,exact,,,,,,,,1.2750002497341484e-05,281b597cca2a84b9679c2e3a8f288689db322545
dv3-train-poisson-003601,3,train,poisson,3601,,,,3:0:0:3601,,train,7,328.1656125338515,,,,,,,,,,,,,,,,,,,,0.0,,,1,335,1,exact,,,,,,,,1.383299968438223e-05,a2b88b8654481c5219586e16e5f9a936a0704c8b
dv3-train-poisson-003602,3,train,poisson,3602,,,,3:0:0:3602,,train,7,580.1258916229984,,,,,,,,,,,,,,,,,,,,0.0,,,1,591,1,exact,,,,,,,,1.5790999896125868e-05,9e9930dd87917a359508069fbc27cfcea565195e
dv3-train-poisson-003603,3,train,poisson,3603,,,,3:0:0:3603,,train,7,586.5553198153166,,,,,,,,,,,,,,,,,,,,0.0,,,1,625,1,exact,,,,,,,,1.604100179974921e-05,b2a1adfc29fe41e2a35b0f6aa3981084826264ee
dv3-train-poisson-003604,3,train,poisson,3604,,,,3:0:0:3604,,train,7,171.16501555879583,,,,,,,,,,,,,,,,,,,,0.0,,,1,185,1,exact,,,,,,,,1.091599915525876e-05,fe120d7e2a205e96d481e336cc37833fde30da52
dv3-train-poisson-003605,3,train,poisson,3605,,,,3:0:0:3605,,train,7,534.7971344985124,,,,,,,,,,,,,,,,,,,,0.0,,,1,536,1,exact,,,,,,,,1.4416000340133905e-05,d4ab4270358dc64b072ef13cc7186621995cf8ec
dv3-train-poisson-003606,3,train,poisson,3606,,,,3:0:0:3606,,train,7,479.8816856013434,,,,,,,,,,,,,,,,,,,,0.0,,,1,484,1,exact,,,,,,,,1.424999936716631e-05,33cda0b8cac9ec27a06cacf17a5b677171944709
dv3-train-poisson-003607,3,train,poisson,3607,,,,3:0:0:3607,,train,7,119.62898371595581,,,,,,,,,,,,,,,,,,,,0.0,,,1,110,1,exact,,,,,,,,9.708001016406342e-06,b8ebb70a7dd7d8aaada2328c97a1bd166daa5d25
dv3-train-poisson-003608,3,train,poisson,3608,,,,3:0:0:3608,,train,7,423.0927727609144,,,,,,,,,,,,,,,,,,,,0.0,,,1,448,1,exact,,,,,,,,1.3707998732570559e-05,afbcfa44b3b6c9723a156fe1d54c0dc56808fa30
dv3-train-poisson-003609,3,train,poisson,3609,,,,3:0:0:3609,,train,7,284.18845424578507,,,,,,,,,,,,,,,,,,,,0.0,,,1,281,1,exact,,,,,,,,1.2125001376261935e-05,34c8059016a2b423bee405126d1b9f958164598d
dv3-train-poisson-003610,3,train,poisson,3610,,,,3:0:0:3610,,train,7,146.24484781769573,,,,,,,,,,,,,,,,,,,,0.0,,,1,140,1,exact,,,,,,,,9.750001481734216e-06,e7d6f1390221ffc3626b0aa1458061e418c24774
dv3-train-poisson-003611,3,train,poisson,3611,,,,3:0:0:3611,,train,7,263.55630014306206,,,,,,,,,,,,,,,,,,,,0.0,,,1,259,1,exact,,,,,,,,1.0750001820269972e-05,3cd77e7f23d5dbb26c500c1ac5f2b12a2726e2ae
dv3-train-poisson-003612,3,train,poisson,3612,,,,3:0:0:3612,,train,7,182.25468711939894,,,,,,,,,,,,,,,,,,,,0.0,,,1,192,1,exact,,,,,,,,1.0124997061211616e-05,b1c733ae9a3df2189e00340b17337b033eadef9b
dv3-train-poisson-003613,3,train,poisson,3613,,,,3:0:0:3613,,train,7,135.24178997957065,,,,,,,,,,,,,,,,,,,,0.0,,,1,143,1,exact,,,,,,,,9.499999578110874e-06,64b61e7b822b0fcb9a234a3623f961951e646f46
dv3-train-poisson-003614,3,train,poisson,3614,,,,3:0:0:3614,,train,7,102.13604913576344,,,,,,,,,,,,,,,,,,,,0.0,,,1,75,1,exact,,,,,,,,8.75000114319846e-06,a584e2bc73c5f663b554b77eefb43820d9eaef17
dv3-train-poisson-003615,3,train,poisson,3615,,,,3:0:0:3615,,train,7,188.64877061582607,,,,,,,,,,,,,,,,,,,,0.0,,,1,201,1,exact,,,,,,,,1.2958997103851289e-05,9793a661bc4fad37d89083622624b08a7c369c76
dv3-train-poisson-003616,3,train,poisson,3616,,,,3:0:0:3616,,train,7,444.82285045726576,,,,,,,,,,,,,,,,,,,,0.0,,,1,458,1,exact,,,,,,,,1.3207998563302681e-05,aaac6dd57c767df56874a9ff20beee8bb12acb47
dv3-train-poisson-003617,3,train,poisson,3617,,,,3:0:0:3617,,train,7,475.4429425454453,,,,,,,,,,,,,,,,,,,,0.0,,,1,473,1,exact,,,,,,,,1.3291999493958429e-05,bf96896dc71e1cbe56bff52d7c0bcf1a53f5a976
dv3-train-poisson-003618,3,train,poisson,3618,,,,3:0:0:3618,,train,7,730.0456677309859,,,,,,,,,,,,,,,,,,,,0.0,,,1,703,1,exact,,,,,,,,1.695800165180117e-05,bdc194b39417e5877ba500ffde2c908dff0240ff
dv3-train-poisson-003619,3,train,poisson,3619,,,,3:0:0:3619,,train,7,789.0806816381096,,,,,,,,,,,,,,,,,,,,0.0,,,1,775,1,exact,,,,,,,,1.7541999113745987e-05,3cffe4d179e5f0008b1a803dcfa8eed5097eb9ba
dv3-train-poisson-003620,3,train,poisson,3620,,,,3:0:0:3620,,train,7,365.61681620477736,,,,,,,,,,,,,,,,,,,,0.0,,,1,387,1,exact,,,,,,,,1.2624997907551005e-05,47ea8fb30287d71785809e92059e19b802637433
dv3-train-poisson-003621,3,train,poisson,3621,,,,3:0:0:3621,,train,7,432.2110265901344,,,,,,,,,,,,,,,,,,,,0.0,,,1,451,1,exact,,,,,,,,1.3042001228313893e-05,aa9eece6cc1f44a7f90ba8495072203d48c31a63
dv3-train-poisson-003622,3,train,poisson,3622,,,,3:0:0:3622,,train,7,572.9046643832801,,,,,,,,,,,,,,,,,,,,0.0,,,1,583,1,exact,,,,,,,,1.4416000340133905e-05,fddea032ff8ca1f423aac2c614b2774da286944a
dv3-train-poisson-003623,3,train,poisson,3623,,,,3:0:0:3623,,train,7,363.19761566689215,,,,,,,,,,,,,,,,,,,,0.0,,,1,425,1,exact,,,,,,,,1.4332999853650108e-05,1248f3e5ee08ed7283f5d6cad8561af88e9f5262
dv3-train-poisson-003624,3,train,poisson,3624,,,,3:0:0:3624,,train,7,185.00604382703526,,,,,,,,,,,,,,,,,,,,0.0,,,1,190,1,exact,,,,,,,,9.957999282050878e-06,e7f89281a8716c9a64a86822b85ab0be9b107528
dv3-train-poisson-003625,3,train,poisson,3625,,,,3:0:0:3625,,train,7,231.37317741542498,,,,,,,,,,,,,,,,,,,,0.0,,,1,227,1,exact,,,,,,,,1.0334002581657842e-05,3c98ea3f9aa8040b9b8d0cf80df784d880a9d4e1
dv3-train-poisson-003626,3,train,poisson,3626,,,,3:0:0:3626,,train,7,134.45430310049326,,,,,,,,,,,,,,,,,,,,0.0,,,1,128,1,exact,,,,,,,,9.125000360654667e-06,74d751060c0bfe8470c5546152d3f5b1b9ac0b78
dv3-train-poisson-003627,3,train,poisson,3627,,,,3:0:0:3627,,train,7,157.5858981110638,,,,,,,,,,,,,,,,,,,,0.0,,,1,166,1,exact,,,,,,,,9.625000529922545e-06,6cfd5a1b41e7630cdf899425111d92b93b71bffd
dv3-train-poisson-003628,3,train,poisson,3628,,,,3:0:0:3628,,train,7,243.29307008689835,,,,,,,,,,,,,,,,,,,,0.0,,,1,231,1,exact,,,,,,,,1.083300230675377e-05,1f2f851e9b9b0fe2dfc37e7175dca96a413bbf32
dv3-train-poisson-003629,3,train,poisson,3629,,,,3:0:0:3629,,train,7,361.87145753571207,,,,,,,,,,,,,,,,,,,,0.0,,,1,364,1,exact,,,,,,,,1.383299968438223e-05,560540cde8af044c9c2bc91fc972e78a805cdfd5
dv3-train-poisson-003630,3,train,poisson,3630,,,,3:0:0:3630,,train,7,448.9040404584901,,,,,,,,,,,,,,,,,,,,0.0,,,1,461,1,exact,,,,,,,,1.3249999028630555e-05,e745c78aa76de7f9982e5fe336fb9dd48bbf88df
dv3-train-poisson-003631,3,train,poisson,3631,,,,3:0:0:3631,,train,7,210.2575543287554,,,,,,,,,,,,,,,,,,,,0.0,,,1,211,1,exact,,,,,,,,1.1625001206994057e-05,ad4becbe72a2d30815a0e2e709ad9b0872fe4a05
dv3-train-poisson-003632,3,train,poisson,3632,,,,3:0:0:3632,,train,7,164.12805081647528,,,,,,,,,,,,,,,,,,,,0.0,,,1,162,1,exact,,,,,,,,9.708001016406342e-06,b4b185513cec54bb113e37be8aebf7ab4eba665b
dv3-train-poisson-003633,3,train,poisson,3633,,,,3:0:0:3633,,train,7,495.2065079340195,,,,,,,,,,,,,,,,,,,,0.0,,,1,536,1,exact,,,,,,,,1.4749999536434188e-05,34b0c34de0e6617dd0614780ceecc69c34266ca2
dv3-train-poisson-003634,3,train,poisson,3634,,,,3:0:0:3634,,train,7,225.84882875541413,,,,,,,,,,,,,,,,,,,,0.0,,,1,214,1,exact,,,,,,,,1.0250001651002094e-05,2089954096a509f5d1df8eda6c64b00ec9d2faa7
dv3-train-poisson-003635,3,train,poisson,3635,,,,3:0:0:3635,,train,7,336.683731283408,,,,,,,,,,,,,,,,,,,,0.0,,,1,313,1,exact,,,,,,,,1.1125001037726179e-05,6b7025980c3ab3f910627302550b41a30f6d1afd
dv3-train-poisson-003636,3,train,poisson,3636,,,,3:0:0:3636,,train,7,227.42352071058178,,,,,,,,,,,,,,,,,,,,0.0,,,1,218,1,exact,,,,,,,,1.1708001693477854e-05,f65eeec4cc91e8a0fddacd44f37772beca168e43
dv3-train-poisson-003637,3,train,poisson,3637,,,,3:0:0:3637,,train,7,123.06512849953255,,,,,,,,,,,,,,,,,,,,0.0,,,1,116,1,exact,,,,,,,,9.249997674487531e-06,081da9ab8462ee22d4653643a571204d17083c52
dv3-train-poisson-003638,3,train,poisson,3638,,,,3:0:0:3638,,train,7,250.21885994488352,,,,,,,,,,,,,,,,,,,,0.0,,,1,285,1,exact,,,,,,,,1.0957999620586634e-05,382667d7698accfa42714757e95605f88469cc29
dv3-train-poisson-003639,3,train,poisson,3639,,,,3:0:0:3639,,train,7,342.8505729596549,,,,,,,,,,,,,,,,,,,,0.0,,,1,396,1,exact,,,,,,,,1.3708999176742509e-05,50fc6237384f6fcf9612f75474a706af7bdca6cd
dv3-train-poisson-003640,3,train,poisson,3640,,,,3:0:0:3640,,train,7,149.120045851901,,,,,,,,,,,,,,,,,,,,0.0,,,1,144,1,exact,,,,,,,,9.540999599266797e-06,7a8929bc0e97df8d95f04aa4f39e0d5ac56cd4ca
dv3-train-poisson-003641,3,train,poisson,3641,,,,3:0:0:3641,,train,7,616.7291812575676,,,,,,,,,,,,,,,,,,,,0.0,,,1,698,1,exact,,,,,,,,1.6666999727021903e-05,bc27f3918c8f8290f83081080ed7f5068ba9c99a
dv3-train-poisson-003642,3,train,poisson,3642,,,,3:0:0:3642,,train,7,195.0351394969551,,,,,,,,,,,,,,,,,,,,0.0,,,1,201,1,exact,,,,,,,,1.0082996595883742e-05,13e58b8067df7c6e954bbb2d877543ef9eff9ef5
dv3-train-poisson-003643,3,train,poisson,3643,,,,3:0:0:3643,,train,7,139.59304270150494,,,,,,,,,,,,,,,,,,,,0.0,,,1,148,1,exact,,,,,,,,9.875002433545887e-06,5cff065964e21fd9de4ab6883a957ed7369133b3
dv3-train-poisson-003644,3,train,poisson,3644,,,,3:0:0:3644,,train,7,171.11530625264237,,,,,,,,,,,,,,,,,,,,0.0,,,1,186,1,exact,,,,,,,,9.917002898873761e-06,414e03658d2cad9c2f3f62ca8178efe2ebc23ef1
dv3-train-poisson-003645,3,train,poisson,3645,,,,3:0:0:3645,,train,7,693.1663884479744,,,,,,,,,,,,,,,,,,,,0.0,,,1,663,1,exact,,,,,,,,1.5124998753890395e-05,8cb1cf8d4a71f66ebaab230f34e79332ff3c3aa9
dv3-train-poisson-003646,3,train,poisson,3646,,,,3:0:0:3646,,train,7,232.3867268788598,,,,,,,,,,,,,,,,,,,,0.0,,,1,262,1,exact,,,,,,,,1.2250002328073606e-05,5afcdc2e27577d74c8bd4f4595df54b50f514dd7
dv3-train-poisson-003647,3,train,poisson,3647,,,,3:0:0:3647,,train,7,549.3774513910262,,,,,,,,,,,,,,,,,,,,0.0,,,1,557,1,exact,,,,,,,,1.424999936716631e-05,392a429930633094029ddf8b7ec6a6e986d061ef
dv3-train-poisson-003648,3,train,poisson,3648,,,,3:0:0:3648,,train,7,110.91574235621533,,,,,,,,,,,,,,,,,,,,0.0,,,1,102,1,exact,,,,,,,,8.83299799170345e-06,1152420227eeeadb393ed7448229d0d4622740b5
dv3-train-poisson-003649,3,train,poisson,3649,,,,3:0:0:3649,,train,7,472.19209032858134,,,,,,,,,,,,,,,,,,,,0.0,,,1,473,1,exact,,,,,,,,1.2958000297658145e-05,80dd2e99accfc42ff4e40fab9b2af803ecd9b576
dv3-train-poisson-003650,3,train,poisson,3650,,,,3:0:0:3650,,train,7,326.46525180254946,,,,,,,,,,,,,,,,,,,,0.0,,,1,318,1,exact,,,,,,,,1.1415999324526638e-05,91420cd0d45faeba98959a29a48ff93fb23231df
dv3-train-poisson-003651,3,train,poisson,3651,,,,3:0:0:3651,,train,7,114.19818948276827,,,,,,,,,,,,,,,,,,,,0.0,,,1,110,1,exact,,,,,,,,8.958999387687072e-06,67cc445ff78b5c9a0f5543e382d3d2a3c1003c55
dv3-train-poisson-003652,3,train,poisson,3652,,,,3:0:0:3652,,train,7,284.92469009090667,,,,,,,,,,,,,,,,,,,,0.0,,,1,264,1,exact,,,,,,,,1.0833999112946913e-05,77fd521884e1e19510f9fbed49affbfc5640e178
dv3-train-poisson-003653,3,train,poisson,3653,,,,3:0:0:3653,,train,7,480.7412916033667,,,,,,,,,,,,,,,,,,,,0.0,,,1,431,1,exact,,,,,,,,1.4207998901838437e-05,578b2ff59ef46e260f6b7533adb2fad356149aa0
dv3-train-poisson-003654,3,train,poisson,3654,,,,3:0:0:3654,,train,7,126.86237795115522,,,,,,,,,,,,,,,,,,,,0.0,,,1,138,1,exact,,,,,,,,9.584000508766621e-06,55f694623d612fd4d0d05e2da7f3c7763701cbeb
dv3-train-poisson-003655,3,train,poisson,3655,,,,3:0:0:3655,,train,7,284.8149231945914,,,,,,,,,,,,,,,,,,,,0.0,,,1,273,1,exact,,,,,,,,1.1000000085914508e-05,2b45a408e06343e7582c7de047bdedb2af42b708
dv3-train-poisson-003656,3,train,poisson,3656,,,,3:0:0:3656,,train,7,285.2870574723274,,,,,,,,,,,,,,,,,,,,0.0,,,1,264,1,exact,,,,,,,,1.3166998542146757e-05,ad9d1993fef9fc516c9649ce5c848c5241e2cacd
dv3-train-poisson-003657,3,train,poisson,3657,,,,3:0:0:3657,,train,7,415.69271616556256,,,,,,,,,,,,,,,,,,,,0.0,,,1,402,1,exact,,,,,,,,1.2542001059046015e-05,b0f509b9a1bb427c22656f49330ddbfc76d11de2
dv3-train-poisson-003658,3,train,poisson,3658,,,,3:0:0:3658,,train,7,431.1010968378527,,,,,,,,,,,,,,,,,,,,0.0,,,1,431,1,exact,,,,,,,,1.2792002962669358e-05,b41bf2ca79278bab0b5060c5d3bd7a02f59688c0
dv3-train-poisson-003659,3,train,poisson,3659,,,,3:0:0:3659,,train,7,255.92334707082824,,,,,,,,,,,,,,,,,,,,0.0,,,1,270,1,exact,,,,,,,,1.0957999620586634e-05,e8d201a2d99391b0e08e4375fed424027de138a9
dv3-train-poisson-003660,3,train,poisson,3660,,,,3:0:0:3660,,train,7,166.4212955679966,,,,,,,,,,,,,,,,,,,,0.0,,,1,175,1,exact,,,,,,,,9.749997843755409e-06,833cf8cbd68ddbd6e0083415e43b3523dda17ae3
dv3-train-poisson-003661,3,train,poisson,3661,,,,3:0:0:3661,,train,7,121.80335857982516,,,,,,,,,,,,,,,,,,,,0.0,,,1,115,1,exact,,,,,,,,9.04099942999892e-06,c1b271ef08970f56f4eb713ad34faef5e6e3b912
dv3-train-poisson-003662,3,train,poisson,3662,,,,3:0:0:3662,,train,7,322.92798875850565,,,,,,,,,,,,,,,,,,,,0.0,,,1,320,1,exact,,,,,,,,1.2583001080201939e-05,e2ebbe94cbafa5f56122340e99fe39ca2c1ef3af
dv3-train-poisson-003663,3,train,poisson,3663,,,,3:0:0:3663,,train,7,361.36053136678777,,,,,,,,,,,,,,,,,,,,0.0,,,1,348,1,exact,,,,,,,,1.1791998986154795e-05,daa3a0e15d0ea57cb385eb7ef181830b9eab4b85
dv3-train-poisson-003664,3,train,poisson,3664,,,,3:0:0:3664,,train,7,177.69606677135948,,,,,,,,,,,,,,,,,,,,0.0,,,1,155,1,exact,,,,,,,,9.542000043438748e-06,f7d110863e366cc459f1679ad95f831b5704d1be
dv3-train-poisson-003665,3,train,poisson,3665,,,,3:0:0:3665,,train,7,191.49282185179183,,,,,,,,,,,,,,,,,,,,0.0,,,1,180,1,exact,,,,,,,,9.916999260894954e-06,fd27efd4707b2391e54d9c02350127bbd787cbb7
dv3-train-poisson-003666,3,train,poisson,3666,,,,3:0:0:3666,,train,7,164.8544557644904,,,,,,,,,,,,,,,,,,,,0.0,,,1,136,1,exact,,,,,,,,9.457999112783e-06,9fed7478851f8672ca415e0b954dd07ec63ea2fb
dv3-train-poisson-003667,3,train,poisson,3667,,,,3:0:0:3667,,train,7,347.5303573262207,,,,,,,,,,,,,,,,,,,,0.0,,,1,361,1,exact,,,,,,,,4.837499727727845e-05,306a7a66fdd41d64bdda32b51145ee4e37f58e6e
dv3-train-poisson-003668,3,train,poisson,3668,,,,3:0:0:3668,,train,7,127.01056496347303,,,,,,,,,,,,,,,,,,,,0.0,,,1,114,1,exact,,,,,,,,4.62079988210462e-05,e788f95500cb5d58db2df17e05393b43ddfe4cea
dv3-train-poisson-003669,3,train,poisson,3669,,,,3:0:0:3669,,train,7,137.08059794348014,,,,,,,,,,,,,,,,,,,,0.0,,,1,130,1,exact,,,,,,,,2.7042002329835668e-05,962801e6c4cd384d5d2d9dd3f344e9048a22d939
dv3-train-poisson-003670,3,train,poisson,3670,,,,3:0:0:3670,,train,7,497.8056776240389,,,,,,,,,,,,,,,,,,,,0.0,,,1,450,1,exact,,,,,,,,3.3666001399978995e-05,adf7e51b00e0ded0c4aaa8df5e65f564484dce85
dv3-train-poisson-003671,3,train,poisson,3671,,,,3:0:0:3671,,train,7,102.80419144704815,,,,,,,,,,,,,,,,,,,,0.0,,,1,99,1,exact,,,,,,,,2.258300082758069e-05,53d70fda9374ca591944ea0cbcbf04e9b38178d9
dv3-train-poisson-003672,3,train,poisson,3672,,,,3:0:0:3672,,train,7,351.0605069304883,,,,,,,,,,,,,,,,,,,,0.0,,,1,383,1,exact,,,,,,,,2.9916998755652457e-05,79ea0a9b525dc01fc2b301083ad18e171bc75079
dv3-train-poisson-003673,3,train,poisson,3673,,,,3:0:0:3673,,train,7,155.61192803788538,,,,,,,,,,,,,,,,,,,,0.0,,,1,166,1,exact,,,,,,,,2.433400004520081e-05,e05b4e699b9fc4ba31e3a1b649cd2e93803a0282
dv3-train-poisson-003674,3,train,poisson,3674,,,,3:0:0:3674,,train,7,567.0791004459514,,,,,,,,,,,,,,,,,,,,0.0,,,1,549,1,exact,,,,,,,,3.96249997720588e-05,445945158da1439aa175adbc8df4ac9dc520bfa7
dv3-train-poisson-003675,3,train,poisson,3675,,,,3:0:0:3675,,train,7,266.73870610294176,,,,,,,,,,,,,,,,,,,,0.0,,,1,284,1,exact,,,,,,,,2.6917001378023997e-05,b3d965d3325c08edbde62f2b015637a6ef5cd111
dv3-train-poisson-003676,3,train,poisson,3676,,,,3:0:0:3676,,train,7,238.6764089324339,,,,,,,,,,,,,,,,,,,,0.0,,,1,249,1,exact,,,,,,,,2.6165998860960826e-05,18a92b04403bea567a9e069f30a7b8c89a492db6
dv3-train-poisson-003677,3,train,poisson,3677,,,,3:0:0:3677,,train,7,440.2546806485895,,,,,,,,,,,,,,,,,,,,0.0,,,1,449,1,exact,,,,,,,,3.3959000575123355e-05,2d0f28b4dc72d3000d990c14aaccfbaa6325221a
dv3-train-poisson-003678,3,train,poisson,3678,,,,3:0:0:3678,,train,7,293.10307123854614,,,,,,,,,,,,,,,,,,,,0.0,,,1,302,1,exact,,,,,,,,2.7415997465141118e-05,fb31b4cf20570c604aa7e67279c2460fe53762b3
dv3-train-poisson-003679,3,train,poisson,3679,,,,3:0:0:3679,,train,7,511.5197477716654,,,,,,,,,,,,,,,,,,,,0.0,,,1,519,1,exact,,,,,,,,3.525000283843838e-05,45236ed25231ea005abebb7c09dafe22b4ee89f7
dv3-train-poisson-003680,3,train,poisson,3680,,,,3:0:0:3680,,train,7,626.9414925830436,,,,,,,,,,,,,,,,,,,,0.0,,,1,644,1,exact,,,,,,,,3.825000021606684e-05,f390caaa99eab0bfebcea32a17460d3371ed952b
dv3-train-poisson-003681,3,train,poisson,3681,,,,3:0:0:3681,,train,7,350.1516784387392,,,,,,,,,,,,,,,,,,,,0.0,,,1,359,1,exact,,,,,,,,2.8957998438272625e-05,bbc0e3a998f3d27b46a39eb501d373e70f342f49
dv3-train-poisson-003682,3,train,poisson,3682,,,,3:0:0:3682,,train,7,229.65446253827065,,,,,,,,,,,,,,,,,,,,0.0,,,1,249,1,exact,,,,,,,,2.5875000574160367e-05,8d9e154b3305aea97da8b6b8353a3f91c19cf565
dv3-train-poisson-003683,3,train,poisson,3683,,,,3:0:0:3683,,train,7,556.1649204021099,,,,,,,,,,,,,,,,,,,,0.0,,,1,528,1,exact,,,,,,,,3.29590002365876e-05,fd0a97a67f079e8c568ce58c4fe76a81233b453e
dv3-train-poisson-003684,3,train,poisson,3684,,,,3:0:0:3684,,train,7,222.14095398445562,,,,,,,,,,,,,,,,,,,,0.0,,,1,232,1,exact,,,,,,,,2.56669991358649e-05,6c34c651586e8dbb392c3f473c1448a1d321abad
dv3-train-poisson-003685,3,train,poisson,3685,,,,3:0:0:3685,,train,7,225.7015578893804,,,,,,,,,,,,,,,,,,,,0.0,,,1,207,1,exact,,,,,,,,2.9374998121056706e-05,cd86159965932906433e2eda8789e92b535704bd
dv3-train-poisson-003686,3,train,poisson,3686,,,,3:0:0:3686,,train,7,268.52281144314765,,,,,,,,,,,,,,,,,,,,0.0,,,1,265,1,exact,,,,,,,,2.6459001674083993e-05,798e7971d30617cb890d8b00cc0ec82bfe18b3eb
dv3-train-poisson-003687,3,train,poisson,3687,,,,3:0:0:3687,,train,7,129.31398800267283,,,,,,,,,,,,,,,,,,,,0.0,,,1,144,1,exact,,,,,,,,2.3249998776009306e-05,dee60c11d322b36e2d5ddf36a4d94da8f22d977d
dv3-train-poisson-003688,3,train,poisson,3688,,,,3:0:0:3688,,train,7,287.12457754110375,,,,,,,,,,,,,,,,,,,,0.0,,,1,261,1,exact,,,,,,,,2.6249999791616574e-05,65960585b3807793e1660f8c1a68bed35ec59c1b
dv3-train-poisson-003689,3,train,poisson,3689,,,,3:0:0:3689,,train,7,266.0258402998938,,,,,,,,,,,,,,,,,,,,0.0,,,1,279,1,exact,,,,,,,,2.95409990940243e-05,db3dadb36931348123b2fb779685d2f910a3974f
dv3-train-poisson-003690,3,train,poisson,3690,,,,3:0:0:3690,,train,7,372.9710516707238,,,,,,,,,,,,,,,,,,,,0.0,,,1,384,1,exact,,,,,,,,2.9457998607540503e-05,30b87a5f7005e717dfa7d2b3c7ad0068fbc08e00
dv3-train-poisson-003691,3,train,poisson,3691,,,,3:0:0:3691,,train,7,248.91272220666295,,,,,,,,,,,,,,,,,,,,0.0,,,1,255,1,exact,,,,,,,,2.89169984171167e-05,7923dbfba05bc4759587a8a2587ddce389854300
dv3-train-poisson-003692,3,train,poisson,3692,,,,3:0:0:3692,,train,7,713.500202785076,,,,,,,,,,,,,,,,,,,,0.0,,,1,764,1,exact,,,,,,,,3.925000055460259e-05,6713bf09f60202f805e02f0d4423956be2850840
dv3-train-poisson-003693,3,train,poisson,3693,,,,3:0:0:3693,,train,7,279.3070528789534,,,,,,,,,,,,,,,,,,,,0.0,,,1,256,1,exact,,,,,,,,2.6459001674083993e-05,f6c6069b90642998320d721ed19ab41a7abb1cc4
dv3-train-poisson-003694,3,train,poisson,3694,,,,3:0:0:3694,,train,7,294.4387341196467,,,,,,,,,,,,,,,,,,,,0.0,,,1,277,1,exact,,,,,,,,2.6958998205373064e-05,d953d7875756313f0537cf1c64e93d48b797aec6
dv3-train-poisson-003695,3,train,poisson,3695,,,,3:0:0:3695,,train,7,141.69321139477665,,,,,,,,,,,,,,,,,,,,0.0,,,1,154,1,exact,,,,,,,,2.3708002117928118e-05,754f47aee833eecc383e6e08b6079737fdbee83f
dv3-train-poisson-003696,3,train,poisson,3696,,,,3:0:0:3696,,train,7,414.888279708567,,,,,,,,,,,,,,,,,,,,0.0,,,1,437,1,exact,,,,,,,,3.129199831164442e-05,b67deda2b81670fccd4db5836d58233bdb43c165
dv3-train-poisson-003697,3,train,poisson,3697,,,,3:0:0:3697,,train,7,385.016345509613,,,,,,,,,,,,,,,,,,,,0.0,,,1,382,1,exact,,,,,,,,2.9916001949459314e-05,51aaf9b9c4537deacebe89c9d6d1b67ac5d1bde7
dv3-train-poisson-003698,3,train,poisson,3698,,,,3:0:0:3698,,train,7,207.84865209134534,,,,,,,,,,,,,,,,,,,,0.0,,,1,214,1,exact,,,,,,,,2.5124998501269147e-05,edf49bd6085286f72a13726272d994c6253984e1
dv3-train-poisson-003699,3,train,poisson,3699,,,,3:0:0:3699,,train,7,159.05397258473533,,,,,,,,,,,,,,,,,,,,0.0,,,1,158,1,exact,,,,,,,,2.4041997676249593e-05,341a9ce5be5068e05cc28b393f6a0fd3c51c5e7f
dv3-train-poisson-003700,3,train,poisson,3700,,,,3:0:0:3700,,train,7,189.71861683903506,,,,,,,,,,,,,,,,,,,,0.0,,,1,194,1,exact,,,,,,,,2.454199784551747e-05,8921b3f13b2a1c8998cc9ee644b3687457313bcc
dv3-train-poisson-003701,3,train,poisson,3701,,,,3:0:0:3701,,train,7,465.77639055965443,,,,,,,,,,,,,,,,,,,,0.0,,,1,414,1,exact,,,,,,,,3.308400118839927e-05,5df00b359db82520ec76e5e01ad228a496c13a9e
dv3-train-poisson-003702,3,train,poisson,3702,,,,3:0:0:3702,,train,7,468.69831731366486,,,,,,,,,,,,,,,,,,,,0.0,,,1,434,1,exact,,,,,,,,3.079200178035535e-05,b069ea49c09937eab5ffbaf6fa06dbdd07448ee4
dv3-train-poisson-003703,3,train,poisson,3703,,,,3:0:0:3703,,train,7,232.7404426622383,,,,,,,,,,,,,,,,,,,,0.0,,,1,242,1,exact,,,,,,,,2.6041998353321105e-05,9e6b78e4076b7cad4049a18217e9bba4d3e2f5ef
dv3-train-poisson-003704,3,train,poisson,3704,,,,3:0:0:3704,,train,7,470.4776052304843,,,,,,,,,,,,,,,,,,,,0.0,,,1,482,1,exact,,,,,,,,3.191699943272397e-05,2088dc603ca0af78e1056c4a5dd9c08730fe6f65
dv3-train-poisson-003705,3,train,poisson,3705,,,,3:0:0:3705,,train,7,294.7521419206227,,,,,,,,,,,,,,,,,,,,0.0,,,1,261,1,exact,,,,,,,,2.970799687318504e-05,d3b056b2142c8a9ca604510faaa9ed6c9117fae2
dv3-train-poisson-003706,3,train,poisson,3706,,,,3:0:0:3706,,train,7,139.50429052619543,,,,,,,,,,,,,,,,,,,,0.0,,,1,132,1,exact,,,,,,,,2.3540997062809765e-05,83375970cf4276c96a1fc026e957b2916b58b65b
dv3-train-poisson-003707,3,train,poisson,3707,,,,3:0:0:3707,,train,7,706.7424219787644,,,,,,,,,,,,,,,,,,,,0.0,,,1,693,1,exact,,,,,,,,4.0333001379622146e-05,8b2fb642a801f2eba9e5993f01558719bc42c604
dv3-train-poisson-003708,3,train,poisson,3708,,,,3:0:0:3708,,train,7,119.38214636801115,,,,,,,,,,,,,,,,,,,,0.0,,,1,105,1,exact,,,,,,,,2.28749995585531e-05,84ba641942f71e6bddb15c2b495681c7eb653747
dv3-train-poisson-003709,3,train,poisson,3709,,,,3:0:0:3709,,train,7,489.8456906006496,,,,,,,,,,,,,,,,,,,,0.0,,,1,493,1,exact,,,,,,,,3.2291998650180176e-05,1bd2ce3c544563a674039f9015667f8b969849d5
dv3-train-poisson-003710,3,train,poisson,3710,,,,3:0:0:3710,,train,7,125.46087011042715,,,,,,,,,,,,,,,,,,,,0.0,,,1,123,1,exact,,,,,,,,2.300000051036477e-05,ba5ff5a866060a67e26fca086c5ae0416b98736a
dv3-train-poisson-003711,3,train,poisson,3711,,,,3:0:0:3711,,train,7,348.2268092174741,,,,,,,,,,,,,,,,,,,,0.0,,,1,368,1,exact,,,,,,,,2.9165999876568094e-05,43e75c7afe1eafbcdde46697487838eb81b6cc71
dv3-train-poisson-003712,3,train,poisson,3712,,,,3:0:0:3712,,train,7,709.3359091206687,,,,,,,,,,,,,,,,,,,,0.0,,,1,707,1,exact,,,,,,,,3.758300226763822e-05,ab458f51583f7417e35311f3e74836402f87f0c8
dv3-train-poisson-003713,3,train,poisson,3713,,,,3:0:0:3713,,train,7,725.4180941918042,,,,,,,,,,,,,,,,,,,,0.0,,,1,719,1,exact,,,,,,,,3.850000211969018e-05,ee19f643cd9df41703ced7c50e5a8db0c66795d3
dv3-train-poisson-003714,3,train,poisson,3714,,,,3:0:0:3714,,train,7,115.13110198307837,,,,,,,,,,,,,,,,,,,,0.0,,,1,119,1,exact,,,,,,,,2.341700019314885e-05,1a77775713076cb52883c9489bd4689c85112bbb
dv3-train-poisson-003715,3,train,poisson,3715,,,,3:0:0:3715,,train,7,556.8971760867233,,,,,,,,,,,,,,,,,,,,0.0,,,1,543,1,exact,,,,,,,,3.345799996168353e-05,02815fffad52855318975289f3da2de730a11e14
dv3-train-poisson-003716,3,train,poisson,3716,,,,3:0:0:3716,,train,7,105.01708280286779,,,,,,,,,,,,,,,,,,,,0.0,,,1,96,1,exact,,,,,,,,2.2541000362252817e-05,5d800a1bf499f1a3ca66c460affe02e740c24092
dv3-train-poisson-003717,3,train,poisson,3717,,,,3:0:0:3717,,train,7,435.2313977175096,,,,,,,,,,,,,,,,,,,,0.0,,,1,465,1,exact,,,,,,,,3.149999974993989e-05,84c9c3d532e81f7ae4ff82f72db3777f2da0af9b
dv3-train-poisson-003718,3,train,poisson,3718,,,,3:0:0:3718,,train,7,742.3988565599625,,,,,,,,,,,,,,,,,,,,0.0,,,1,738,1,exact,,,,,,,,4.116700074519031e-05,238a9641a8ae0796c2d6addc567c70e5083504b1
dv3-train-poisson-003719,3,train,poisson,3719,,,,3:0:0:3719,,train,7,194.2851686324534,,,,,,,,,,,,,,,,,,,,0.0,,,1,216,1,exact,,,,,,,,2.787500125123188e-05,74b2cae78c4a5063367cbe0ac0a501ac4d9be96d
dv3-train-poisson-003720,3,train,poisson,3720,,,,3:0:0:3720,,train,7,299.15792436301814,,,,,,,,,,,,,,,,,,,,0.0,,,1,299,1,exact,,,,,,,,2.779200076474808e-05,ba95a000bdbeaab927462750e583694df807d880
dv3-train-poisson-003721,3,train,poisson,3721,,,,3:0:0:3721,,train,7,369.7088586547051,,,,,,,,,,,,,,,,,,,,0.0,,,1,365,1,exact,,,,,,,,2.9417002224363387e-05,b1bb1cfb1f7f9a9ffb79e8c852e6612a18c46e4a
dv3-train-poisson-003722,3,train,poisson,3722,,,,3:0:0:3722,,train,7,242.5948842163075,,,,,,,,,,,,,,,,,,,,0.0,,,1,234,1,exact,,,,,,,,2.6583998987916857e-05,6044fb7942aa862596eb0b6a2b0a812cfce3b3b6
dv3-train-poisson-003723,3,train,poisson,3723,,,,3:0:0:3723,,train,7,403.08674274008683,,,,,,,,,,,,,,,,,,,,0.0,,,1,423,1,exact,,,,,,,,3.420899884076789e-05,a0c41a3a5e0f2870583a7cfd19780b427d57a6fa
dv3-train-poisson-003724,3,train,poisson,3724,,,,3:0:0:3724,,train,7,178.3289174908265,,,,,,,,,,,,,,,,,,,,0.0,,,1,177,1,exact,,,,,,,,2.4790999304968864e-05,8bc2a57bf81798358be2afe8d299113d47f0e567
dv3-train-poisson-003725,3,train,poisson,3725,,,,3:0:0:3725,,train,7,583.1334279449038,,,,,,,,,,,,,,,,,,,,0.0,,,1,576,1,exact,,,,,,,,3.495800046948716e-05,8d5bfce1bfd5bbe5e07fb8ce3e723a44432f8ae6
dv3-train-poisson-003726,3,train,poisson,3726,,,,3:0:0:3726,,train,7,792.3322566929924,,,,,,,,,,,,,,,,,,,,0.0,,,1,776,1,exact,,,,,,,,3.929100057575852e-05,6e009c82a7868f8afe35131b391977e2d229a88f
dv3-train-poisson-003727,3,train,poisson,3727,,,,3:0:0:3727,,train,7,218.54534259745395,,,,,,,,,,,,,,,,,,,,0.0,,,1,218,1,exact,,,,,,,,2.8333000955171883e-05,006cf313ebd001d7724c6b8fe170303b0dd024d1
dv3-train-poisson-003728,3,train,poisson,3728,,,,3:0:0:3728,,train,7,492.20778809269524,,,,,,,,,,,,,,,,,,,,0.0,,,1,512,1,exact,,,,,,,,3.312499757157639e-05,68af413b7f9a6a629009491f3e7aa838f5082a43
dv3-train-poisson-003729,3,train,poisson,3729,,,,3:0:0:3729,,train,7,596.6459167720931,,,,,,,,,,,,,,,,,,,,0.0,,,1,640,1,exact,,,,,,,,3.845899846055545e-05,1fe27d5523d064c96de54caf0013362812468a2e
dv3-train-poisson-003730,3,train,poisson,3730,,,,3:0:0:3730,,train,7,713.5411686181582,,,,,,,,,,,,,,,,,,,,0.0,,,1,698,1,exact,,,,,,,,4.0208000427810475e-05,1288735f8633cf3efa7e1cc308752208d590fee1
dv3-train-poisson-003731,3,train,poisson,3731,,,,3:0:0:3731,,train,7,125.22612107931621,,,,,,,,,,,,,,,,,,,,0.0,,,1,123,1,exact,,,,,,,,2.2959000489208847e-05,25aeea6e6c667a9cc5a35a1bf9d863acbe7dc09d
dv3-train-poisson-003732,3,train,poisson,3732,,,,3:0:0:3732,,train,7,222.43348939800006,,,,,,,,,,,,,,,,,,,,0.0,,,1,231,1,exact,,,,,,,,2.620899977046065e-05,53408652cf7c65b164facfa8ef3ec7226ca1b382
dv3-train-poisson-003733,3,train,poisson,3733,,,,3:0:0:3733,,train,7,172.16876340035319,,,,,,,,,,,,,,,,,,,,0.0,,,1,190,1,exact,,,,,,,,2.495900116628036e-05,f27cd0b5d1e3ec34966eeac174f3e98793859cc4
dv3-train-poisson-003734,3,train,poisson,3734,,,,3:0:0:3734,,train,7,204.45505026331347,,,,,,,,,,,,,,,,,,,,0.0,,,1,219,1,exact,,,,,,,,2.5625002308515832e-05,c10b098ef02ca17cb469aa3811554a1c2985e6b0
dv3-train-poisson-003735,3,train,poisson,3735,,,,3:0:0:3735,,train,7,189.44948580316762,,,,,,,,,,,,,,,,,,,,0.0,,,1,205,1,exact,,,,,,,,2.495800072210841e-05,2f3ce19e8ec155335861c8e249a0af1ebb38cb34
dv3-train-poisson-003736,3,train,poisson,3736,,,,3:0:0:3736,,train,7,128.77837534008833,,,,,,,,,,,,,,,,,,,,0.0,,,1,139,1,exact,,,,,,,,2.4625001969980076e-05,4913e678baf7ffe9736419ed64f7e446f2d9c7d8
dv3-train-poisson-003737,3,train,poisson,3737,,,,3:0:0:3737,,train,7,160.23926017549653,,,,,,,,,,,,,,,,,,,,0.0,,,1,145,1,exact,,,,,,,,2.391599991824478e-05,d4709211cceedb905c34c4acdd908823f04974db
dv3-train-poisson-003738,3,train,poisson,3738,,,,3:0:0:3738,,train,7,469.8069701838253,,,,,,,,,,,,,,,,,,,,0.0,,,1,512,1,exact,,,,,,,,3.566699888324365e-05,af7b67b601711e67d13dcb46330a483d5a44b422
dv3-train-poisson-003739,3,train,poisson,3739,,,,3:0:0:3739,,train,7,691.6660505852594,,,,,,,,,,,,,,,,,,,,0.0,,,1,699,1,exact,,,,,,,,4.029200135846622e-05,31472b8e02f9c87c7b958491cee78d7cf209e966
dv3-train-poisson-003740,3,train,poisson,3740,,,,3:0:0:3740,,train,7,368.4546034323823,,,,,,,,,,,,,,,,,,,,0.0,,,1,368,1,exact,,,,,,,,2.9874998290324584e-05,975fa7ea1e2b0ef230b68ae8bc9b3a91bf07d85c
dv3-train-poisson-003741,3,train,poisson,3741,,,,3:0:0:3741,,train,7,105.9265338168784,,,,,,,,,,,,,,,,,,,,0.0,,,1,101,1,exact,,,,,,,,2.2416999854613096e-05,30f913465b2d6ff0f1401626bd92b2402db046cf
dv3-train-poisson-003742,3,train,poisson,3742,,,,3:0:0:3742,,train,7,128.57397911931037,,,,,,,,,,,,,,,,,,,,0.0,,,1,115,1,exact,,,,,,,,2.2709002223564312e-05,a8fdbd4d5f4516c719fcab11429029a69fc6e133
dv3-train-poisson-003743,3,train,poisson,3743,,,,3:0:0:3743,,train,7,606.229538195137,,,,,,,,,,,,,,,,,,,,0.0,,,1,616,1,exact,,,,,,,,3.5625002055894583e-05,eefe31b3b3247812d77ff540124d9ca44a176770
dv3-train-poisson-003744,3,train,poisson,3744,,,,3:0:0:3744,,train,7,110.44541282619453,,,,,,,,,,,,,,,,,,,,0.0,,,1,113,1,exact,,,,,,,,2.5417000870220363e-05,58045030c8e31061d5dcc29d0e2a21add2bc58fe
dv3-train-poisson-003745,3,train,poisson,3745,,,,3:0:0:3745,,train,7,487.22258311493283,,,,,,,,,,,,,,,,,,,,0.0,,,1,481,1,exact,,,,,,,,3.245900006731972e-05,25a10103c959c145c10a4639670c77095fc9a2bc
dv3-train-poisson-003746,3,train,poisson,3746,,,,3:0:0:3746,,train,7,295.7061309892042,,,,,,,,,,,,,,,,,,,,0.0,,,1,295,1,exact,,,,,,,,2.7707999834092334e-05,bcb8fe3432fe33fb0337b9e6765ae3db94e6b878
dv3-train-poisson-003747,3,train,poisson,3747,,,,3:0:0:3747,,train,7,181.57736477722756,,,,,,,,,,,,,,,,,,,,0.0,,,1,198,1,exact,,,,,,,,2.6165998860960826e-05,02345e343aac85108587c10558b159b6fec3dc03
dv3-train-poisson-003748,3,train,poisson,3748,,,,3:0:0:3748,,train,7,222.4446780214127,,,,,,,,,,,,,,,,,,,,0.0,,,1,233,1,exact,,,,,,,,2.8874997951788828e-05,a301202b5c4383e82d7652964bed9e6bee2b1edb
dv3-train-poisson-003749,3,train,poisson,3749,,,,3:0:0:3749,,train,7,347.5360778069508,,,,,,,,,,,,,,,,,,,,0.0,,,1,353,1,exact,,,,,,,,3.212500087101944e-05,e929776476899e983ad3994cfd657ce5733b480b
dv3-train-poisson-003750,3,train,poisson,3750,,,,3:0:0:3750,,train,7,283.61281747794965,,,,,,,,,,,,,,,,,,,,0.0,,,1,286,1,exact,,,,,,,,2.725000013015233e-05,7cff084f48c933e0371ed30b548cf09d86a1e754
dv3-train-poisson-003751,3,train,poisson,3751,,,,3:0:0:3751,,train,7,148.42843316000315,,,,,,,,,,,,,,,,,,,,0.0,,,1,140,1,exact,,,,,,,,2.3374999727820978e-05,6c3e873cd62e8fc1d4539ea674a2d3a2ad979500
dv3-train-poisson-003752,3,train,poisson,3752,,,,3:0:0:3752,,train,7,220.02396424475168,,,,,,,,,,,,,,,,,,,,0.0,,,1,222,1,exact,,,,,,,,2.5624998670537025e-05,31e889a438dc762372f3012009f1f351ce4ef848
dv3-train-poisson-003753,3,train,poisson,3753,,,,3:0:0:3753,,train,7,140.63606082708566,,,,,,,,,,,,,,,,,,,,0.0,,,1,131,1,exact,,,,,,,,2.56669991358649e-05,81df2e5499388a45e19665a2e49e98d2c6e46b3f
dv3-train-poisson-003754,3,train,poisson,3754,,,,3:0:0:3754,,train,7,189.87370101989217,,,,,,,,,,,,,,,,,,,,0.0,,,1,194,1,exact,,,,,,,,2.474999928381294e-05,d699ab8ad41a05810fbed82f3f38e7e0fd95a052
dv3-train-poisson-003755,3,train,poisson,3755,,,,3:0:0:3755,,train,7,342.7198262775998,,,,,,,,,,,,,,,,,,,,0.0,,,1,364,1,exact,,,,,,,,2.9041999368928373e-05,62c3f1184959d6838c7eef63f1e2015533a34011
dv3-train-poisson-003756,3,train,poisson,3756,,,,3:0:0:3756,,train,7,393.4343123801196,,,,,,,,,,,,,,,,,,,,0.0,,,1,413,1,exact,,,,,,,,3.275000199209899e-05,5e8785d937aa7de7bebd87c80ad43ba52e1d9ce9
dv3-train-poisson-003757,3,train,poisson,3757,,,,3:0:0:3757,,train,7,204.56061693745093,,,,,,,,,,,,,,,,,,,,0.0,,,1,183,1,exact,,,,,,,,2.4666001991136e-05,8ff1bd09266675cd38ec2b546f62bb1fa09ca905
dv3-train-poisson-003758,3,train,poisson,3758,,,,3:0:0:3758,,train,7,755.5426916761858,,,,,,,,,,,,,,,,,,,,0.0,,,1,710,1,exact,,,,,,,,4.037499820697121e-05,933e8651ad7d8d34b0df2c20923915c529ae805d
dv3-train-poisson-003759,3,train,poisson,3759,,,,3:0:0:3759,,train,7,660.7435912115479,,,,,,,,,,,,,,,,,,,,0.0,,,1,638,1,exact,,,,,,,,3.5832999856211245e-05,db91f837abe6fb24fbe26b937170d776250fe5a3
dv3-train-poisson-003760,3,train,poisson,3760,,,,3:0:0:3760,,train,7,282.47679873305714,,,,,,,,,,,,,,,,,,,,0.0,,,1,281,1,exact,,,,,,,,2.7209000108996406e-05,d216ce731ae76a0a2e924357064e4266eacf4cbb
dv3-train-poisson-003761,3,train,poisson,3761,,,,3:0:0:3761,,train,7,760.1028737362071,,,,,,,,,,,,,,,,,,,,0.0,,,1,764,1,exact,,,,,,,,4.1457999031990767e-05,92556779e39f0a4d81a10873e15af4038c6dedbf
dv3-train-poisson-003762,3,train,poisson,3762,,,,3:0:0:3762,,train,7,306.24913844706776,,,,,,,,,,,,,,,,,,,,0.0,,,1,314,1,exact,,,,,,,,2.795899854390882e-05,8619d0336f33124b83f36c8b24ef3430c204c93a
dv3-train-poisson-003763,3,train,poisson,3763,,,,3:0:0:3763,,train,7,408.5236031321274,,,,,,,,,,,,,,,,,,,,0.0,,,1,398,1,exact,,,,,,,,3.029100116691552e-05,2ebcca8d9f036206b46bbd1243ac956c42c41490
dv3-train-poisson-003764,3,train,poisson,3764,,,,3:0:0:3764,,train,7,358.19036446139114,,,,,,,,,,,,,,,,,,,,0.0,,,1,383,1,exact,,,,,,,,2.9167000320740044e-05,58873de9d49ff00b10363efa732c6405d058a753
dv3-train-poisson-003765,3,train,poisson,3765,,,,3:0:0:3765,,train,7,142.7995804804183,,,,,,,,,,,,,,,,,,,,0.0,,,1,124,1,exact,,,,,,,,2.2958000045036897e-05,976b5d4cfbd0ca68863fc99ce5f0a0639cb94570
dv3-train-poisson-003766,3,train,poisson,3766,,,,3:0:0:3766,,train,7,546.4547959493416,,,,,,,,,,,,,,,,,,,,0.0,,,1,561,1,exact,,,,,,,,3.3958000130951405e-05,6b5bd9f153c026691397c45923e357b14566879c
dv3-train-poisson-003767,3,train,poisson,3767,,,,3:0:0:3767,,train,7,747.265724087281,,,,,,,,,,,,,,,,,,,,0.0,,,1,758,1,exact,,,,,,,,3.8750000385334715e-05,be7c700480478fd3f87dc7d126d578624ab24760
dv3-train-poisson-003768,3,train,poisson,3768,,,,3:0:0:3768,,train,7,486.87396380799333,,,,,,,,,,,,,,,,,,,,0.0,,,1,491,1,exact,,,,,,,,3.254200055380352e-05,14a5624ff671eee9d56bb509096c18d0f57b6505
dv3-train-poisson-003769,3,train,poisson,3769,,,,3:0:0:3769,,train,7,600.6398895022221,,,,,,,,,,,,,,,,,,,,0.0,,,1,629,1,exact,,,,,,,,3.8207999750738963e-05,8f4f02cc508be0b6c08d8bbed51eb6f8e5737a75
dv3-train-poisson-003770,3,train,poisson,3770,,,,3:0:0:3770,,train,7,486.19067472386035,,,,,,,,,,,,,,,,,,,,0.0,,,1,511,1,exact,,,,,,,,3.5832999856211245e-05,a32205c1857cb004f68288654165b754a6903a63
dv3-train-poisson-003771,3,train,poisson,3771,,,,3:0:0:3771,,train,7,102.80937466365437,,,,,,,,,,,,,,,,,,,,0.0,,,1,112,1,exact,,,,,,,,2.2625001292908564e-05,20e05de92ad5cd71b758f8efe79219b23320a0d9
dv3-train-poisson-003772,3,train,poisson,3772,,,,3:0:0:3772,,train,7,208.07150747670838,,,,,,,,,,,,,,,,,,,,0.0,,,1,194,1,exact,,,,,,,,2.4708002456463873e-05,e25c10b9b7cfb383630ccaddacb5f0a7646bec83
dv3-train-poisson-003773,3,train,poisson,3773,,,,3:0:0:3773,,train,7,307.98499704395175,,,,,,,,,,,,,,,,,,,,0.0,,,1,324,1,exact,,,,,,,,2.7917001716559753e-05,fd90a392bcba45011381ddb9dccbb767dcfe6ebf
dv3-train-poisson-003774,3,train,poisson,3774,,,,3:0:0:3774,,train,7,453.13127390291055,,,,,,,,,,,,,,,,,,,,0.0,,,1,455,1,exact,,,,,,,,3.375000233063474e-05,9a9c75d8670f23a1580ed36f2b6e6d6f70cc9c2a
dv3-train-poisson-003775,3,train,poisson,3775,,,,3:0:0:3775,,train,7,121.8171234982224,,,,,,,,,,,,,,,,,,,,0.0,,,1,125,1,exact,,,,,,,,2.3040996893541887e-05,8d7cfbfede12db4551c1497623741446025058ed
dv3-train-poisson-003776,3,train,poisson,3776,,,,3:0:0:3776,,train,7,325.29487680983044,,,,,,,,,,,,,,,,,,,,0.0,,,1,317,1,exact,,,,,,,,2.7750000299420208e-05,013636cbc2381402fa1d4b07351faf16786551fd
dv3-train-poisson-003777,3,train,poisson,3777,,,,3:0:0:3777,,train,7,103.53526156672612,,,,,,,,,,,,,,,,,,,,0.0,,,1,109,1,exact,,,,,,,,2.245799987576902e-05,eb98e4ea8b2c5610c90f39b479161c5b73d0c9fe
dv3-train-poisson-003778,3,train,poisson,3778,,,,3:0:0:3778,,train,7,303.6403162608264,,,,,,,,,,,,,,,,,,,,0.0,,,1,299,1,exact,,,,,,,,2.725000013015233e-05,ecd59e250bce0a2c4e8962b3e47ba30c043789d6
dv3-train-poisson-003779,3,train,poisson,3779,,,,3:0:0:3779,,train,7,145.96590922636736,,,,,,,,,,,,,,,,,,,,0.0,,,1,146,1,exact,,,,,,,,2.633400072227232e-05,42d01240dde8e07abddd17b49078241f5d11e8d5
dv3-train-poisson-003780,3,train,poisson,3780,,,,3:0:0:3780,,train,7,341.6514893380574,,,,,,,,,,,,,,,,,,,,0.0,,,1,344,1,exact,,,,,,,,2.8667000151472166e-05,eb48e54b34659ca5d6f18415a2545924e8d53b1c
dv3-train-poisson-003781,3,train,poisson,3781,,,,3:0:0:3781,,train,7,149.65788415354072,,,,,,,,,,,,,,,,,,,,0.0,,,1,148,1,exact,,,,,,,,2.633400072227232e-05,75df9e2fd52d7a8c5f827e82eb4d2c16cf439e3c
dv3-train-poisson-003782,3,train,poisson,3782,,,,3:0:0:3782,,train,7,496.7266669340969,,,,,,,,,,,,,,,,,,,,0.0,,,1,490,1,exact,,,,,,,,3.229100184398703e-05,1b622b7814357a9977160baeef3b5c1204625721
dv3-train-poisson-003783,3,train,poisson,3783,,,,3:0:0:3783,,train,7,595.4432177803759,,,,,,,,,,,,,,,,,,,,0.0,,,1,609,1,exact,,,,,,,,3.7500001781154424e-05,f7abb3641de04bf794823955fb48041a76bd0b1f
dv3-train-poisson-003784,3,train,poisson,3784,,,,3:0:0:3784,,train,7,209.8564215391531,,,,,,,,,,,,,,,,,,,,0.0,,,1,199,1,exact,,,,,,,,2.4834000214468688e-05,ce151da13eef21870cf0d02692e0460fab5c6bb0
dv3-train-poisson-003785,3,train,poisson,3785,,,,3:0:0:3785,,train,7,137.16337590526913,,,,,,,,,,,,,,,,,,,,0.0,,,1,132,1,exact,,,,,,,,2.329199924133718e-05,737903ea94729a15acbfc703485c8941b73a75b4
dv3-train-poisson-003786,3,train,poisson,3786,,,,3:0:0:3786,,train,7,297.43334576560477,,,,,,,,,,,,,,,,,,,,0.0,,,1,279,1,exact,,,,,,,,2.683300044736825e-05,cd6b71a057152df443203a93a6eebdfc103588a2
dv3-train-poisson-003787,3,train,poisson,3787,,,,3:0:0:3787,,train,7,164.21778022930383,,,,,,,,,,,,,,,,,,,,0.0,,,1,182,1,exact,,,,,,,,2.454200148349628e-05,83d681eefa03ae605cdccd8688636efb63f68350
dv3-train-poisson-003788,3,train,poisson,3788,,,,3:0:0:3788,,train,7,290.5965392620726,,,,,,,,,,,,,,,,,,,,0.0,,,1,299,1,exact,,,,,,,,2.7499998395796865e-05,3986a4ced482d9de24b7b18d96a90e0f2fa886e0
dv3-train-poisson-003789,3,train,poisson,3789,,,,3:0:0:3789,,train,7,690.9415025089457,,,,,,,,,,,,,,,,,,,,0.0,,,1,707,1,exact,,,,,,,,3.991699850303121e-05,edf8d7dbbd410f273d6860ae5fbfb0f1e7ad7fd8
dv3-train-poisson-003790,3,train,poisson,3790,,,,3:0:0:3790,,train,7,103.24587832546375,,,,,,,,,,,,,,,,,,,,0.0,,,1,86,1,exact,,,,,,,,2.474999928381294e-05,4c8ef58c0096b940ab4fd5be87da9a2b18611dbc
dv3-train-poisson-003791,3,train,poisson,3791,,,,3:0:0:3791,,train,7,779.0156326849215,,,,,,,,,,,,,,,,,,,,0.0,,,1,836,1,exact,,,,,,,,4.087499837623909e-05,0b57d34c3815eed1247f650dc488c4dfa3734513
dv3-train-poisson-003792,3,train,poisson,3792,,,,3:0:0:3792,,train,7,195.39067323127443,,,,,,,,,,,,,,,,,,,,0.0,,,1,188,1,exact,,,,,,,,2.4707998818485066e-05,3f6d968aff02ab68b50b27c6ec3c98af98793b35
dv3-train-poisson-003793,3,train,poisson,3793,,,,3:0:0:3793,,train,7,199.3070900131502,,,,,,,,,,,,,,,,,,,,0.0,,,1,192,1,exact,,,,,,,,2.4707998818485066e-05,c4195831b699285219a76b737188ddf2ec1b1375
dv3-train-poisson-003794,3,train,poisson,3794,,,,3:0:0:3794,,train,7,101.36782032573564,,,,,,,,,,,,,,,,,,,,0.0,,,1,88,1,exact,,,,,,,,2.224999843747355e-05,c3607ec1bd8f49e6d10f039be7b4a1a979552088
dv3-train-poisson-003795,3,train,poisson,3795,,,,3:0:0:3795,,train,7,193.59816023523715,,,,,,,,,,,,,,,,,,,,0.0,,,1,183,1,exact,,,,,,,,2.4083001335384324e-05,ad35d3698fe938795d8021609caaa28fb61f6e29
dv3-train-poisson-003796,3,train,poisson,3796,,,,3:0:0:3796,,train,7,110.85330081234419,,,,,,,,,,,,,,,,,,,,0.0,,,1,137,1,exact,,,,,,,,2.3124997824197635e-05,211aa7cef99fe35c56498dedbade31bcc2e8be83
dv3-train-poisson-003797,3,train,poisson,3797,,,,3:0:0:3797,,train,7,149.39096892560565,,,,,,,,,,,,,,,,,,,,0.0,,,1,150,1,exact,,,,,,,,2.329199924133718e-05,6f367621eb29f469a3ef6a4841f835f8005b752a
dv3-train-poisson-003798,3,train,poisson,3798,,,,3:0:0:3798,,train,7,554.2691436728381,,,,,,,,,,,,,,,,,,,,0.0,,,1,559,1,exact,,,,,,,,3.633300002547912e-05,0c5f3ad55cb7bb8e1bda29ecf7a22a66e01e2f11
dv3-train-poisson-003799,3,train,poisson,3799,,,,3:0:0:3799,,train,7,309.4588553945011,,,,,,,,,,,,,,,,,,,,0.0,,,1,312,1,exact,,,,,,,,2.7833000785904005e-05,59c0888cc5d1adc1ef38fa55eba1f979914f8c50
dv3-train-poisson-003800,3,train,poisson,3800,,,,3:0:0:3800,,train,7,167.06103040178394,,,,,,,,,,,,,,,,,,,,0.0,,,1,167,1,exact,,,,,,,,2.391700036241673e-05,97237b2aa1911148643e82e53d4948fcc143942e
dv3-train-poisson-003801,3,train,poisson,3801,,,,3:0:0:3801,,train,7,653.0785636536111,,,,,,,,,,,,,,,,,,,,0.0,,,1,657,1,exact,,,,,,,,3.883300087181851e-05,7324370c9e23b9b6e50f51d2923aa896e1c98f3d
dv3-train-poisson-003802,3,train,poisson,3802,,,,3:0:0:3802,,train,7,547.0875807180593,,,,,,,,,,,,,,,,,,,,0.0,,,1,550,1,exact,,,,,,,,3.3375003113178536e-05,418eec4a4e62ac173d3605c6555cd363f5903e10
dv3-train-poisson-003803,3,train,poisson,3803,,,,3:0:0:3803,,train,7,245.00326301473098,,,,,,,,,,,,,,,,,,,,0.0,,,1,240,1,exact,,,,,,,,2.579200008767657e-05,57b337207a4853b980c36283574bb1ac8d833e38
dv3-train-poisson-003804,3,train,poisson,3804,,,,3:0:0:3804,,train,7,113.2644001559732,,,,,,,,,,,,,,,,,,,,0.0,,,1,94,1,exact,,,,,,,,2.2541000362252817e-05,64a7fbcf16e189c3509ef456fd765582711843c8
dv3-train-poisson-003805,3,train,poisson,3805,,,,3:0:0:3805,,train,7,186.93978276156002,,,,,,,,,,,,,,,,,,,,0.0,,,1,191,1,exact,,,,,,,,2.420799864921719e-05,6f74bec4aca03f71fbd9476ef11d425cdf191d51
dv3-train-poisson-003806,3,train,poisson,3806,,,,3:0:0:3806,,train,7,168.40929007728147,,,,,,,,,,,,,,,,,,,,0.0,,,1,177,1,exact,,,,,,,,2.425000275252387e-05,e17781000f4b0492d7b074e08a6a0dfc1706f2e6
dv3-train-poisson-003807,3,train,poisson,3807,,,,3:0:0:3807,,train,7,251.05375676630257,,,,,,,,,,,,,,,,,,,,0.0,,,1,267,1,exact,,,,,,,,2.6459001674083993e-05,931ab0be8ce5e4217c4cebe47326e27f62000f7b
dv3-train-poisson-003808,3,train,poisson,3808,,,,3:0:0:3808,,train,7,455.82873452300765,,,,,,,,,,,,,,,,,,,,0.0,,,1,447,1,exact,,,,,,,,3.34169999405276e-05,d75caa000b9eb67a6528e855b1edcb0f7449e45c
dv3-train-poisson-003809,3,train,poisson,3809,,,,3:0:0:3809,,train,7,580.1361195773441,,,,,,,,,,,,,,,,,,,,0.0,,,1,580,1,exact,,,,,,,,3.6541998269967735e-05,dffd06a18bd311f9323d58ae8db6e7a88d9a397d
dv3-train-poisson-003810,3,train,poisson,3810,,,,3:0:0:3810,,train,7,205.41498237471112,,,,,,,,,,,,,,,,,,,,0.0,,,1,199,1,exact,,,,,,,,2.787500125123188e-05,7f544ed95eeecb8de7234dc83035440909e1f5ee
dv3-train-poisson-003811,3,train,poisson,3811,,,,3:0:0:3811,,train,7,446.75675581953965,,,,,,,,,,,,,,,,,,,,0.0,,,1,431,1,exact,,,,,,,,3.0708997655892745e-05,f9c41bf0a1ef6a352c47c6ae5504925bada027c7
dv3-train-poisson-003812,3,train,poisson,3812,,,,3:0:0:3812,,train,7,498.5390269538717,,,,,,,,,,,,,,,,,,,,0.0,,,1,511,1,exact,,,,,,,,3.245900006731972e-05,cf645e564decb48c8ac2664ab60609b277c8b264
dv3-train-poisson-003813,3,train,poisson,3813,,,,3:0:0:3813,,train,7,424.51218285834057,,,,,,,,,,,,,,,,,,,,0.0,,,1,417,1,exact,,,,,,,,3.2916999771259725e-05,2daa68348f157efee098cd66228ca3379f8afbf0
dv3-train-poisson-003814,3,train,poisson,3814,,,,3:0:0:3814,,train,7,122.22664169618072,,,,,,,,,,,,,,,,,,,,0.0,,,1,129,1,exact,,,,,,,,2.329199924133718e-05,49e3fe94f9f57e5af1fdec98e91b8e5b87691ead
dv3-train-poisson-003815,3,train,poisson,3815,,,,3:0:0:3815,,train,7,248.9273664160045,,,,,,,,,,,,,,,,,,,,0.0,,,1,249,1,exact,,,,,,,,2.5957997422665358e-05,401cc9cdf2dcda0be2f0f64d0ece3cfb88942daf
dv3-train-poisson-003816,3,train,poisson,3816,,,,3:0:0:3816,,train,7,135.346890615221,,,,,,,,,,,,,,,,,,,,0.0,,,1,143,1,exact,,,,,,,,2.3249998776009306e-05,92a69f279e0381018da7a3f462a9a28b3212a3a8
dv3-train-poisson-003817,3,train,poisson,3817,,,,3:0:0:3817,,train,7,349.43563185949597,,,,,,,,,,,,,,,,,,,,0.0,,,1,369,1,exact,,,,,,,,2.8874997951788828e-05,e7c263d9d09e988aaca2437a4963e3a4ca6b794a
dv3-train-poisson-003818,3,train,poisson,3818,,,,3:0:0:3818,,train,7,226.34526705141326,,,,,,,,,,,,,,,,,,,,0.0,,,1,210,1,exact,,,,,,,,2.7416001103119925e-05,5206b5e897468942974a1121f10abe228372d7f6
dv3-train-poisson-003819,3,train,poisson,3819,,,,3:0:0:3819,,train,7,118.58936451778284,,,,,,,,,,,,,,,,,,,,0.0,,,1,116,1,exact,,,,,,,,2.245799987576902e-05,351cfc6cab2a8e58346c8b87de39b990c7acf279
dv3-train-poisson-003820,3,train,poisson,3820,,,,3:0:0:3820,,train,7,187.8430552548184,,,,,,,,,,,,,,,,,,,,0.0,,,1,207,1,exact,,,,,,,,2.4791999749140814e-05,f523e66682ba5c00b24a0c53c6947fa2e424b9e2
dv3-train-poisson-003821,3,train,poisson,3821,,,,3:0:0:3821,,train,7,320.89097999309814,,,,,,,,,,,,,,,,,,,,0.0,,,1,318,1,exact,,,,,,,,2.7709000278264284e-05,599f0e337c948870ad0767db05c00b0a7651d6d4
dv3-train-poisson-003822,3,train,poisson,3822,,,,3:0:0:3822,,train,7,503.0989722768874,,,,,,,,,,,,,,,,,,,,0.0,,,1,513,1,exact,,,,,,,,3.504200140014291e-05,30c2f5dbaa2836246b38fdaa6333b7fa24d74d2d
dv3-train-poisson-003823,3,train,poisson,3823,,,,3:0:0:3823,,train,7,491.90032671780904,,,,,,,,,,,,,,,,,,,,0.0,,,1,493,1,exact,,,,,,,,3.462499807938002e-05,38febe9a389e17768f1ef980a96579ec6cd5cab6
dv3-train-poisson-003824,3,train,poisson,3824,,,,3:0:0:3824,,train,7,615.4588572598893,,,,,,,,,,,,,,,,,,,,0.0,,,1,646,1,exact,,,,,,,,3.604199810069986e-05,80ecc2d6fab22c78decf70ab10235d49ccf794c6
dv3-train-poisson-003825,3,train,poisson,3825,,,,3:0:0:3825,,train,7,557.2530700836091,,,,,,,,,,,,,,,,,,,,0.0,,,1,585,1,exact,,,,,,,,3.445800030021928e-05,8a846644c27bf987af668ee129cee44f87d65ece
dv3-train-poisson-003826,3,train,poisson,3826,,,,3:0:0:3826,,train,7,200.0180457942799,,,,,,,,,,,,,,,,,,,,0.0,,,1,202,1,exact,,,,,,,,2.5000001187436283e-05,cee07c7567b9c8f9da3e313f88055e82200bfbde
dv3-train-poisson-003827,3,train,poisson,3827,,,,3:0:0:3827,,train,7,104.75712742500458,,,,,,,,,,,,,,,,,,,,0.0,,,1,109,1,exact,,,,,,,,2.2624997654929757e-05,7e9dbd8a8918e72598ba1982f37f2572351afee7
dv3-train-poisson-003828,3,train,poisson,3828,,,,3:0:0:3828,,train,7,453.14222899188553,,,,,,,,,,,,,,,,,,,,0.0,,,1,458,1,exact,,,,,,,,3.120800101896748e-05,0351860298be5d4cbba83d8d3100cb744ead8417
dv3-train-poisson-003829,3,train,poisson,3829,,,,3:0:0:3829,,train,7,122.78922404218177,,,,,,,,,,,,,,,,,,,,0.0,,,1,116,1,exact,,,,,,,,2.2833999537397176e-05,34785b03484adb44d5a04107eba927c3d933648a
dv3-train-poisson-003830,3,train,poisson,3830,,,,3:0:0:3830,,train,7,294.17749133475655,,,,,,,,,,,,,,,,,,,,0.0,,,1,298,1,exact,,,,,,,,3.01670006592758e-05,7455b033962831ff15a44b75777fbe731400e157
dv3-train-poisson-003831,3,train,poisson,3831,,,,3:0:0:3831,,train,7,545.0500153561817,,,,,,,,,,,,,,,,,,,,0.0,,,1,581,1,exact,,,,,,,,3.5082997783320025e-05,0341a267fcb5f5d16445ce02ca3bfd297ac664e8
dv3-train-poisson-003832,3,train,poisson,3832,,,,3:0:0:3832,,train,7,400.62826006993646,,,,,,,,,,,,,,,,,,,,0.0,,,1,373,1,exact,,,,,,,,2.9291997634572908e-05,1306d44772fe1feeb3e4dc6abd78989f248dae48
dv3-train-poisson-003833,3,train,poisson,3833,,,,3:0:0:3833,,train,7,195.60561015484348,,,,,,,,,,,,,,,,,,,,0.0,,,1,185,1,exact,,,,,,,,2.495900116628036e-05,58ebec2942962918b622c88d2800af9bd676251c
dv3-train-poisson-003834,3,train,poisson,3834,,,,3:0:0:3834,,train,7,631.1687068261139,,,,,,,,,,,,,,,,,,,,0.0,,,1,604,1,exact,,,,,,,,3.758400271181017e-05,ccd8c3c552ed94af77f58601034fe42d3592b967
dv3-train-poisson-003835,3,train,poisson,3835,,,,3:0:0:3835,,train,7,143.6958766128984,,,,,,,,,,,,,,,,,,,,0.0,,,1,147,1,exact,,,,,,,,2.358399797230959e-05,c60f8b5785d6a4c9a272a5eea001e62483a6c541
dv3-train-poisson-003836,3,train,poisson,3836,,,,3:0:0:3836,,train,7,164.9488271666077,,,,,,,,,,,,,,,,,,,,0.0,,,1,166,1,exact,,,,,,,,2.4165998183889315e-05,ee79e268029a282056ad6e902a4fc3a458856429
dv3-train-poisson-003837,3,train,poisson,3837,,,,3:0:0:3837,,train,7,186.8925491658918,,,,,,,,,,,,,,,,,,,,0.0,,,1,170,1,exact,,,,,,,,2.558299820520915e-05,5cd411d169007b38abde334fdf90849a5332c5b5
dv3-train-poisson-003838,3,train,poisson,3838,,,,3:0:0:3838,,train,7,530.6687963154241,,,,,,,,,,,,,,,,,,,,0.0,,,1,544,1,exact,,,,,,,,3.566700252122246e-05,9964bacffe534ec6c1489ecbf632d253a3fdf332
dv3-train-poisson-003839,3,train,poisson,3839,,,,3:0:0:3839,,train,7,112.22059890925034,,,,,,,,,,,,,,,,,,,,0.0,,,1,101,1,exact,,,,,,,,2.2333002561936155e-05,0045e9706fcdaa923eba3be32a98771c86b2e4f2
dv3-train-poisson-003840,3,train,poisson,3840,,,,3:0:0:3840,,train,7,108.15293176216088,,,,,,,,,,,,,,,,,,,,0.0,,,1,100,1,exact,,,,,,,,2.2125001123640686e-05,710df3e8246442a25b4e3867dbf25653de33cb23
dv3-train-poisson-003841,3,train,poisson,3841,,,,3:0:0:3841,,train,7,172.15063837448335,,,,,,,,,,,,,,,,,,,,0.0,,,1,164,1,exact,,,,,,,,2.362500163144432e-05,b7e7d1091040c88bb76a3f81da43e662b539dbe2
dv3-train-poisson-003842,3,train,poisson,3842,,,,3:0:0:3842,,train,7,367.2563265053659,,,,,,,,,,,,,,,,,,,,0.0,,,1,358,1,exact,,,,,,,,2.8874997951788828e-05,5e571766c16de9f50c7836d52345c4bd0bdf17e3
dv3-train-poisson-003843,3,train,poisson,3843,,,,3:0:0:3843,,train,7,105.09233434616421,,,,,,,,,,,,,,,,,,,,0.0,,,1,100,1,exact,,,,,,,,2.229200254078023e-05,178b4989cecfe88b9ada742e714f198348381475
dv3-train-poisson-003844,3,train,poisson,3844,,,,3:0:0:3844,,train,7,171.02307585433957,,,,,,,,,,,,,,,,,,,,0.0,,,1,165,1,exact,,,,,,,,2.391700036241673e-05,ea582ab41024acd2f9e1668fa275b4bb5bd175f4
dv3-train-poisson-003845,3,train,poisson,3845,,,,3:0:0:3845,,train,7,215.13202383996776,,,,,,,,,,,,,,,,,,,,0.0,,,1,207,1,exact,,,,,,,,2.4916000256780535e-05,614c9535d79c0f80c9e767dd89243db0422234c3
dv3-train-poisson-003846,3,train,poisson,3846,,,,3:0:0:3846,,train,7,241.14959086899614,,,,,,,,,,,,,,,,,,,,0.0,,,1,225,1,exact,,,,,,,,2.5374996766913682e-05,4886aa2d4333e9ffe54b0fc41fd4ed0684941eb8
dv3-train-poisson-003847,3,train,poisson,3847,,,,3:0:0:3847,,train,7,389.02438751804334,,,,,,,,,,,,,,,,,,,,0.0,,,1,383,1,exact,,,,,,,,3.2209001801675186e-05,96c88a274b25b4a75cdc753e322ff4961a3982fa
dv3-train-poisson-003848,3,train,poisson,3848,,,,3:0:0:3848,,train,7,751.1233129876933,,,,,,,,,,,,,,,,,,,,0.0,,,1,724,1,exact,,,,,,,,4.304200047045015e-05,3a5f217f801099184705faf6a4854c37b3abc21c
dv3-train-poisson-003849,3,train,poisson,3849,,,,3:0:0:3849,,train,7,369.4890917654423,,,,,,,,,,,,,,,,,,,,0.0,,,1,404,1,exact,,,,,,,,2.987500192830339e-05,c17e4d5d56f3caf56ee5e6808fe88a4787272f67
dv3-train-poisson-003850,3,train,poisson,3850,,,,3:0:0:3850,,train,7,118.66777094051764,,,,,,,,,,,,,,,,,,,,0.0,,,1,120,1,exact,,,,,,,,2.3041000531520694e-05,caf6563cc6a260cdf1dcba9d94e193ef03126d36
dv3-train-poisson-003851,3,train,poisson,3851,,,,3:0:0:3851,,train,7,284.21726719153617,,,,,,,,,,,,,,,,,,,,0.0,,,1,258,1,exact,,,,,,,,2.6374997105449438e-05,7e9d1c762bb82520fda94040efcc7678d1020c16
dv3-train-poisson-003852,3,train,poisson,3852,,,,3:0:0:3852,,train,7,453.57524337361053,,,,,,,,,,,,,,,,,,,,0.0,,,1,460,1,exact,,,,,,,,3.141699926345609e-05,c2415b21314b77049591211f22d43a4b6b9c7def
dv3-train-poisson-003853,3,train,poisson,3853,,,,3:0:0:3853,,train,7,700.5859948988682,,,,,,,,,,,,,,,,,,,,0.0,,,1,664,1,exact,,,,,,,,3.9040998672135174e-05,db2615b0a1d8ef20dbac1af78635c36c76a1b0ae
dv3-train-poisson-003854,3,train,poisson,3854,,,,3:0:0:3854,,train,7,150.0600936293718,,,,,,,,,,,,,,,,,,,,0.0,,,1,170,1,exact,,,,,,,,2.4290999135700986e-05,9439a6324d8357f410b118cd10e23792ff907aa9
dv3-train-poisson-003855,3,train,poisson,3855,,,,3:0:0:3855,,train,7,505.0712453083951,,,,,,,,,,,,,,,,,,,,0.0,,,1,511,1,exact,,,,,,,,3.2707997888792306e-05,38d4af6ca369ea553c9afe0dd28d5a5c3548d0a4
dv3-train-poisson-003856,3,train,poisson,3856,,,,3:0:0:3856,,train,7,108.09214822770899,,,,,,,,,,,,,,,,,,,,0.0,,,1,106,1,exact,,,,,,,,2.2541000362252817e-05,4ba29113bce54439aa31df0f7e4f104432cdc35c
dv3-train-poisson-003857,3,train,poisson,3857,,,,3:0:0:3857,,train,7,783.9790255920619,,,,,,,,,,,,,,,,,,,,0.0,,,1,761,1,exact,,,,,,,,4.087499837623909e-05,99abea588cb47d46dd503f0585d7c4c26ff32e77
dv3-train-poisson-003858,3,train,poisson,3858,,,,3:0:0:3858,,train,7,145.97878019583243,,,,,,,,,,,,,,,,,,,,0.0,,,1,146,1,exact,,,,,,,,2.3666998458793387e-05,d7cde66b8ebd1de90fc7ac467a4ef3015ee5f2d5
dv3-train-poisson-003859,3,train,poisson,3859,,,,3:0:0:3859,,train,7,518.9361356870961,,,,,,,,,,,,,,,,,,,,0.0,,,1,518,1,exact,,,,,,,,3.35000004270114e-05,432b4c8dce03d322b3c501214af69ba69b549627
dv3-train-poisson-003860,3,train,poisson,3860,,,,3:0:0:3860,,train,7,159.44342312617718,,,,,,,,,,,,,,,,,,,,0.0,,,1,161,1,exact,,,,,,,,2.4166998628061265e-05,17d53471c9c884c1394fde17b80c9f344af85434
dv3-train-poisson-003861,3,train,poisson,3861,,,,3:0:0:3861,,train,7,173.2875210661643,,,,,,,,,,,,,,,,,,,,0.0,,,1,166,1,exact,,,,,,,,2.40420013142284e-05,eed522954ac1be1033b48b60551bbf7568f34070
dv3-train-poisson-003862,3,train,poisson,3862,,,,3:0:0:3862,,train,7,253.44265299537307,,,,,,,,,,,,,,,,,,,,0.0,,,1,257,1,exact,,,,,,,,2.6124998839804903e-05,120c3ec9acb5e149dd4d39a62aa15788444adace
dv3-train-poisson-003863,3,train,poisson,3863,,,,3:0:0:3863,,train,7,574.8539182730844,,,,,,,,,,,,,,,,,,,,0.0,,,1,564,1,exact,,,,,,,,3.399999695830047e-05,b8ca39442409231ca654e328c385085701d4773b
dv3-train-poisson-003864,3,train,poisson,3864,,,,3:0:0:3864,,train,7,257.6896670657517,,,,,,,,,,,,,,,,,,,,0.0,,,1,278,1,exact,,,,,,,,2.7166999643668532e-05,b31c09e6224fd1898261be9b1e7e0a1e800f15d1
dv3-train-poisson-003865,3,train,poisson,3865,,,,3:0:0:3865,,train,7,117.09925291737852,,,,,,,,,,,,,,,,,,,,0.0,,,1,118,1,exact,,,,,,,,2.2832999093225226e-05,050068b7ef3eb7341e2a996268f048a518f518b7
dv3-train-poisson-003866,3,train,poisson,3866,,,,3:0:0:3866,,train,7,162.38905280235124,,,,,,,,,,,,,,,,,,,,0.0,,,1,186,1,exact,,,,,,,,2.4834000214468688e-05,47d27fa9f9c6b376dcad4e802f2e43b2c39dabad
dv3-train-poisson-003867,3,train,poisson,3867,,,,3:0:0:3867,,train,7,187.20410442425165,,,,,,,,,,,,,,,,,,,,0.0,,,1,173,1,exact,,,,,,,,2.4541001039324328e-05,8382c20407fad7800d2ad4f16bc8251741f43de4
dv3-train-poisson-003868,3,train,poisson,3868,,,,3:0:0:3868,,train,7,109.85396053451002,,,,,,,,,,,,,,,,,,,,0.0,,,1,119,1,exact,,,,,,,,2.591600059531629e-05,3785fa90a4b9c466d9b94b10ac104b918314d516
dv3-train-poisson-003869,3,train,poisson,3869,,,,3:0:0:3869,,train,7,117.96583169673858,,,,,,,,,,,,,,,,,,,,0.0,,,1,111,1,exact,,,,,,,,2.2667001758236438e-05,68424a08ff49cb4e67a5e8a5a6ecff1b7e76093f
dv3-train-poisson-003870,3,train,poisson,3870,,,,3:0:0:3870,,train,7,276.70206345098507,,,,,,,,,,,,,,,,,,,,0.0,,,1,275,1,exact,,,,,,,,2.9499999072868377e-05,aa95ccbb3b8214f606f4dc28d674dd787ed8128a
dv3-train-poisson-003871,3,train,poisson,3871,,,,3:0:0:3871,,train,7,186.89291928535334,,,,,,,,,,,,,,,,,,,,0.0,,,1,176,1,exact,,,,,,,,2.4291999579872936e-05,4e53debfacaae19f1db0c1b61f9fb0595665345c
dv3-train-poisson-003872,3,train,poisson,3872,,,,3:0:0:3872,,train,7,159.19391925709655,,,,,,,,,,,,,,,,,,,,0.0,,,1,172,1,exact,,,,,,,,2.445900099701248e-05,c15c399aac31cf58ee214ca6f0c024273acf2aa6
dv3-train-poisson-003873,3,train,poisson,3873,,,,3:0:0:3873,,train,7,409.6614365058334,,,,,,,,,,,,,,,,,,,,0.0,,,1,424,1,exact,,,,,,,,3.054199987673201e-05,f374c7dbc2066de035d25cfc4c29fdd2939b16aa
dv3-train-poisson-003874,3,train,poisson,3874,,,,3:0:0:3874,,train,7,331.08901703884004,,,,,,,,,,,,,,,,,,,,0.0,,,1,323,1,exact,,,,,,,,2.8291997296037152e-05,22ad24abc837ec782cb7df23fa105feabd279396
dv3-train-poisson-003875,3,train,poisson,3875,,,,3:0:0:3875,,train,7,752.5234716755824,,,,,,,,,,,,,,,,,,,,0.0,,,1,727,1,exact,,,,,,,,4.1250001231674105e-05,37eee0cd1c3f1175626452da05e2eab85783cccd
dv3-train-poisson-003876,3,train,poisson,3876,,,,3:0:0:3876,,train,7,740.3524639786478,,,,,,,,,,,,,,,,,,,,0.0,,,1,792,1,exact,,,,,,,,4.266700125299394e-05,f41229610023720adc7a48aa4e707359a8cf0e55
dv3-train-poisson-003877,3,train,poisson,3877,,,,3:0:0:3877,,train,7,724.1250872869795,,,,,,,,,,,,,,,,,,,,0.0,,,1,740,1,exact,,,,,,,,5.245800275588408e-05,6d819676f5ba9a7c44dd9960d2d680a12f0feec5
dv3-train-poisson-003878,3,train,poisson,3878,,,,3:0:0:3878,,train,7,418.6885098530385,,,,,,,,,,,,,,,,,,,,0.0,,,1,399,1,exact,,,,,,,,3.029200161108747e-05,e5a8231e58a938d7d117019fadab22244c5a2190
dv3-train-poisson-003879,3,train,poisson,3879,,,,3:0:0:3879,,train,7,696.5170736225002,,,,,,,,,,,,,,,,,,,,0.0,,,1,691,1,exact,,,,,,,,3.7082998460391536e-05,f71c8344fb5f86e3542c44d7c6fadc3733d4bcd7
dv3-train-poisson-003880,3,train,poisson,3880,,,,3:0:0:3880,,train,7,261.7055237841934,,,,,,,,,,,,,,,,,,,,0.0,,,1,255,1,exact,,,,,,,,2.5959001504816115e-05,d76931cbf4304a7eda3be7c817a6eadf245da6c6
dv3-train-poisson-003881,3,train,poisson,3881,,,,3:0:0:3881,,train,7,658.2782504695422,,,,,,,,,,,,,,,,,,,,0.0,,,1,657,1,exact,,,,,,,,3.879100040649064e-05,a3aa28ca5458d7e239cff64b030d65b338b5158a
dv3-train-poisson-003882,3,train,poisson,3882,,,,3:0:0:3882,,train,7,674.3419906852786,,,,,,,,,,,,,,,,,,,,0.0,,,1,657,1,exact,,,,,,,,3.650000144261867e-05,62215b733c219bbe283d45f1a66a672b07d070b0
dv3-train-poisson-003883,3,train,poisson,3883,,,,3:0:0:3883,,train,7,238.26055796413095,,,,,,,,,,,,,,,,,,,,0.0,,,1,236,1,exact,,,,,,,,2.8415997803676873e-05,aa4cf9539b270850d645a73242da3050c6fe7b54
dv3-train-poisson-003884,3,train,poisson,3884,,,,3:0:0:3884,,train,7,692.9590426673601,,,,,,,,,,,,,,,,,,,,0.0,,,1,682,1,exact,,,,,,,,3.695800114655867e-05,e410d6c7abfc06f2bede55ec144c81deb16d3f5c
dv3-train-poisson-003885,3,train,poisson,3885,,,,3:0:0:3885,,train,7,413.10632216095354,,,,,,,,,,,,,,,,,,,,0.0,,,1,396,1,exact,,,,,,,,2.9792001441819593e-05,b690570bcff1f572fe4c74e4fbc5263b68fe78cd
dv3-train-poisson-003886,3,train,poisson,3886,,,,3:0:0:3886,,train,7,109.4820632565202,,,,,,,,,,,,,,,,,,,,0.0,,,1,101,1,exact,,,,,,,,2.2750002244720235e-05,6cf31f5324348e7c22514b4d65733e311546ab2e
dv3-train-poisson-003887,3,train,poisson,3887,,,,3:0:0:3887,,train,7,187.57963029190304,,,,,,,,,,,,,,,,,,,,0.0,,,1,191,1,exact,,,,,,,,2.7582998882280663e-05,f1dfb725bb10b6aa8cf0c817ca6c4881fbb45df3
dv3-train-poisson-003888,3,train,poisson,3888,,,,3:0:0:3888,,train,7,278.2938863468886,,,,,,,,,,,,,,,,,,,,0.0,,,1,275,1,exact,,,,,,,,2.6541998522588983e-05,7b782b689ad3c3a285f5d27ef6a9ef9374d3dc6f
dv3-train-poisson-003889,3,train,poisson,3889,,,,3:0:0:3889,,train,7,610.0944005440097,,,,,,,,,,,,,,,,,,,,0.0,,,1,642,1,exact,,,,,,,,3.858299896819517e-05,bba855edb0d0aac37c038d2a84926883187d586b
dv3-train-poisson-003890,3,train,poisson,3890,,,,3:0:0:3890,,train,7,356.5311704546629,,,,,,,,,,,,,,,,,,,,0.0,,,1,323,1,exact,,,,,,,,2.8124999516876414e-05,71c335386f9eab64f0530d1bb0fd80183799f125
dv3-train-poisson-003891,3,train,poisson,3891,,,,3:0:0:3891,,train,7,379.51261434908287,,,,,,,,,,,,,,,,,,,,0.0,,,1,357,1,exact,,,,,,,,4.612500197254121e-05,9e02207e6ac65cf113d538b0a7852bb9ba9697a8
dv3-train-poisson-003892,3,train,poisson,3892,,,,3:0:0:3892,,train,7,252.47296569740024,,,,,,,,,,,,,,,,,,,,0.0,,,1,249,1,exact,,,,,,,,1.8999999156221747e-05,a21f88f079d31a9ec63cd5e6098b2ee24cfa0c0e
dv3-train-poisson-003893,3,train,poisson,3893,,,,3:0:0:3893,,train,7,220.25246117209463,,,,,,,,,,,,,,,,,,,,0.0,,,1,228,1,exact,,,,,,,,1.4582998119294643e-05,feb1a08431aa69b66c02765c3ec684a59d9b5ec3
dv3-train-poisson-003894,3,train,poisson,3894,,,,3:0:0:3894,,train,7,266.59643297671505,,,,,,,,,,,,,,,,,,,,0.0,,,1,275,1,exact,,,,,,,,1.3583001418737695e-05,b7a84b6478db9559e0586a55dd12843d9bde1372
dv3-train-poisson-003895,3,train,poisson,3895,,,,3:0:0:3895,,train,7,775.2725993065417,,,,,,,,,,,,,,,,,,,,0.0,,,1,748,1,exact,,,,,,,,1.799999881768599e-05,a323765e2894c6df7fc802a977e631def89dfe8b
dv3-train-poisson-003896,3,train,poisson,3896,,,,3:0:0:3896,,train,7,281.5773131512576,,,,,,,,,,,,,,,,,,,,0.0,,,1,273,1,exact,,,,,,,,1.1915999493794516e-05,b4c99f3916dc37275affda7621bca0da933a261d
dv3-train-poisson-003897,3,train,poisson,3897,,,,3:0:0:3897,,train,7,281.784546296942,,,,,,,,,,,,,,,,,,,,0.0,,,1,298,1,exact,,,,,,,,1.1750002158805728e-05,0604f883376e94f4e69a6b1c2c89edb09aa1c6f7
dv3-train-poisson-003898,3,train,poisson,3898,,,,3:0:0:3898,,train,7,113.26527128584188,,,,,,,,,,,,,,,,,,,,0.0,,,1,112,1,exact,,,,,,,,4.087499837623909e-05,94eb30db3d3de8d77c5d1a45380cc53298a3c669
dv3-train-poisson-003899,3,train,poisson,3899,,,,3:0:0:3899,,train,7,234.27320666746465,,,,,,,,,,,,,,,,,,,,0.0,,,1,217,1,exact,,,,,,,,1.1000000085914508e-05,222bd3eab83c15f0a8ec231f02d178693972c89d
dv3-train-poisson-003900,3,train,poisson,3900,,,,3:0:0:3900,,train,7,247.27598366689048,,,,,,,,,,,,,,,,,,,,0.0,,,1,267,1,exact,,,,,,,,1.1416999768698588e-05,dc289839cf025556017b9a006f0ad83dbdf247c9
dv3-train-poisson-003901,3,train,poisson,3901,,,,3:0:0:3901,,train,7,667.1548165894477,,,,,,,,,,,,,,,,,,,,0.0,,,1,688,1,exact,,,,,,,,1.6417001461377367e-05,384e91bb0095c608c70641ba3bfed332da975dcb
dv3-train-poisson-003902,3,train,poisson,3902,,,,3:0:0:3902,,train,7,431.40418925326316,,,,,,,,,,,,,,,,,,,,0.0,,,1,421,1,exact,,,,,,,,1.3500000932253897e-05,a0153ba267530363b89b8e0e284b3db5d6e80bd8
dv3-train-poisson-003903,3,train,poisson,3903,,,,3:0:0:3903,,train,7,673.670621027392,,,,,,,,,,,,,,,,,,,,0.0,,,1,697,1,exact,,,,,,,,1.612499909242615e-05,dc638dfe32d7ccb9caded1abe7e5c697507176cf
dv3-train-poisson-003904,3,train,poisson,3904,,,,3:0:0:3904,,train,7,543.4895765685168,,,,,,,,,,,,,,,,,,,,0.0,,,1,553,1,exact,,,,,,,,1.445800080546178e-05,02d7fe1de76644bdac0db58df40166b256bf8962
dv3-train-poisson-003905,3,train,poisson,3905,,,,3:0:0:3905,,train,7,119.87050658437546,,,,,,,,,,,,,,,,,,,,0.0,,,1,115,1,exact,,,,,,,,9.374998626299202e-06,dafc1c33bd053678792835a0358dd20fe3105edd
dv3-train-poisson-003906,3,train,poisson,3906,,,,3:0:0:3906,,train,7,263.2069115724368,,,,,,,,,,,,,,,,,,,,0.0,,,1,271,1,exact,,,,,,,,1.1041000107070431e-05,300ba8f4ae3cd692cdbb977d4a08c5f8eaaadb85
dv3-train-poisson-003907,3,train,poisson,3907,,,,3:0:0:3907,,train,7,568.8215083817418,,,,,,,,,,,,,,,,,,,,0.0,,,1,569,1,exact,,,,,,,,1.445800080546178e-05,83e5f1ad5cd84451ee8ec8105f77795d650322fe
dv3-train-poisson-003908,3,train,poisson,3908,,,,3:0:0:3908,,train,7,299.6248864685028,,,,,,,,,,,,,,,,,,,,0.0,,,1,313,1,exact,,,,,,,,1.1416999768698588e-05,6dac6ecb3e8f6b28e7411b0b22dfff3430ba7f3c
dv3-train-poisson-003909,3,train,poisson,3909,,,,3:0:0:3909,,train,7,118.54105612338579,,,,,,,,,,,,,,,,,,,,0.0,,,1,111,1,exact,,,,,,,,9.499999578110874e-06,b8a248c10e7ec3c0e88b8ceeca35597342c4f678
dv3-train-poisson-003910,3,train,poisson,3910,,,,3:0:0:3910,,train,7,540.2212236321368,,,,,,,,,,,,,,,,,,,,0.0,,,1,537,1,exact,,,,,,,,1.3958000636193901e-05,b703b6391feb103137b0c235610633442ddf6cfd
dv3-train-poisson-003911,3,train,poisson,3911,,,,3:0:0:3911,,train,7,123.05822727009974,,,,,,,,,,,,,,,,,,,,0.0,,,1,123,1,exact,,,,,,,,9.540999599266797e-06,1d557577ec6b49f1f609fc3f5220fe9090a44a3a
dv3-train-poisson-003912,3,train,poisson,3912,,,,3:0:0:3912,,train,7,173.65238701703598,,,,,,,,,,,,,,,,,,,,0.0,,,1,170,1,exact,,,,,,,,1.0083997040055692e-05,ae00787c01d09462a4b1ddc9d25e2b67552e6b41
dv3-train-poisson-003913,3,train,poisson,3913,,,,3:0:0:3913,,train,7,118.5508110089405,,,,,,,,,,,,,,,,,,,,0.0,,,1,132,1,exact,,,,,,,,9.666000551078469e-06,2860dfe76c985f922e5be124b65fb8d91f82173d
dv3-train-poisson-003914,3,train,poisson,3914,,,,3:0:0:3914,,train,7,503.20146634757464,,,,,,,,,,,,,,,,,,,,0.0,,,1,522,1,exact,,,,,,,,1.412499841535464e-05,2d622a4f47484ec48c66a2e34442b05b6f4ed34e
dv3-train-poisson-003915,3,train,poisson,3915,,,,3:0:0:3915,,train,7,316.85413426252,,,,,,,,,,,,,,,,,,,,0.0,,,1,323,1,exact,,,,,,,,1.2125001376261935e-05,2be021933cb256d3b7f76b3d7371c087b8af266e
dv3-train-poisson-003916,3,train,poisson,3916,,,,3:0:0:3916,,train,7,129.24814854070942,,,,,,,,,,,,,,,,,,,,0.0,,,1,121,1,exact,,,,,,,,9.499999578110874e-06,47ed8bc7f641b06c5742aed16bea5a5f76ffa3ce
dv3-train-poisson-003917,3,train,poisson,3917,,,,3:0:0:3917,,train,7,202.10665615503694,,,,,,,,,,,,,,,,,,,,0.0,,,1,188,1,exact,,,,,,,,1.0250001651002094e-05,fb0725c74967ef3593bcdefa2ed3534a3570ae04
dv3-train-poisson-003918,3,train,poisson,3918,,,,3:0:0:3918,,train,7,275.7383017374815,,,,,,,,,,,,,,,,,,,,0.0,,,1,250,1,exact,,,,,,,,1.1000000085914508e-05,03fa28715d5ba60e3710bbe25140df713bf810f5
dv3-train-poisson-003919,3,train,poisson,3919,,,,3:0:0:3919,,train,7,661.6551157619656,,,,,,,,,,,,,,,,,,,,0.0,,,1,642,1,exact,,,,,,,,1.820800025598146e-05,db3c9ff763dc5feb0d8b35007f2d9ee16a5e336b
dv3-train-poisson-003920,3,train,poisson,3920,,,,3:0:0:3920,,train,7,528.5694323729231,,,,,,,,,,,,,,,,,,,,0.0,,,1,553,1,exact,,,,,,,,1.5165998775046319e-05,b2dc3b9146f85e3db22f2ce7b9c71d26e243ba7c
dv3-train-poisson-003921,3,train,poisson,3921,,,,3:0:0:3921,,train,7,361.4641030524421,,,,,,,,,,,,,,,,,,,,0.0,,,1,314,1,exact,,,,,,,,1.1832999007310718e-05,5173ce69f62e78fa01502c47341da94ff75da6b9
dv3-train-poisson-003922,3,train,poisson,3922,,,,3:0:0:3922,,train,7,199.48481149298533,,,,,,,,,,,,,,,,,,,,0.0,,,1,182,1,exact,,,,,,,,1.0249998013023287e-05,3f30c02ed5fc608917c7ba8c8ed41dfbcc5ccc09
dv3-train-poisson-003923,3,train,poisson,3923,,,,3:0:0:3923,,train,7,309.3663514375979,,,,,,,,,,,,,,,,,,,,0.0,,,1,296,1,exact,,,,,,,,1.133299883804284e-05,ca0a3bf434b805daf76ec62a7ef8cd580b1cfb18
dv3-train-poisson-003924,3,train,poisson,3924,,,,3:0:0:3924,,train,7,449.0536634845747,,,,,,,,,,,,,,,,,,,,0.0,,,1,495,1,exact,,,,,,,,1.3666998711414635e-05,4935d26ac10cdf82358c7156a4b955b8aae3d696
dv3-train-poisson-003925,3,train,poisson,3925,,,,3:0:0:3925,,train,7,373.3697844889273,,,,,,,,,,,,,,,,,,,,0.0,,,1,373,1,exact,,,,,,,,1.2624997907551005e-05,e989ec0b00c2cba61f9b4d5aaf76ca4637766a8e
dv3-train-poisson-003926,3,train,poisson,3926,,,,3:0:0:3926,,train,7,648.5050922620379,,,,,,,,,,,,,,,,,,,,0.0,,,1,662,1,exact,,,,,,,,1.6917001630645245e-05,f74e17bb16ed7c2f11e61d380ee78b8f5cddf993
dv3-train-poisson-003927,3,train,poisson,3927,,,,3:0:0:3927,,train,7,211.63913369250355,,,,,,,,,,,,,,,,,,,,0.0,,,1,207,1,exact,,,,,,,,1.0250001651002094e-05,52d8cbffb9405298f32baa1b593dc79dcff574a5
dv3-train-poisson-003928,3,train,poisson,3928,,,,3:0:0:3928,,train,7,190.11367525525424,,,,,,,,,,,,,,,,,,,,0.0,,,1,173,1,exact,,,,,,,,9.79200194706209e-06,d66c8a6f6ea0ad37ef464120cc5c28d28576498a
dv3-train-poisson-003929,3,train,poisson,3929,,,,3:0:0:3929,,train,7,216.72566682955602,,,,,,,,,,,,,,,,,,,,0.0,,,1,184,1,exact,,,,,,,,9.750001481734216e-06,d894b9c99d648d04eb0f142695db6e7984e38dfb
dv3-train-poisson-003930,3,train,poisson,3930,,,,3:0:0:3930,,train,7,719.0407088179343,,,,,,,,,,,,,,,,,,,,0.0,,,1,685,1,exact,,,,,,,,1.5666999388486147e-05,8e5de8b862136054e2922d33cec5f5718d066de9
dv3-train-poisson-003931,3,train,poisson,3931,,,,3:0:0:3931,,train,7,365.37959295145066,,,,,,,,,,,,,,,,,,,,0.0,,,1,381,1,exact,,,,,,,,1.2125001376261935e-05,2abdcb7a447ec2ef96175b58cb00e4559ed44218
dv3-train-poisson-003932,3,train,poisson,3932,,,,3:0:0:3932,,train,7,100.80265665802892,,,,,,,,,,,,,,,,,,,,0.0,,,1,90,1,exact,,,,,,,,9.125000360654667e-06,16d5fa714e41ed6328e7c311ba162844d3a38319
dv3-train-poisson-003933,3,train,poisson,3933,,,,3:0:0:3933,,train,7,124.92038053684288,,,,,,,,,,,,,,,,,,,,0.0,,,1,130,1,exact,,,,,,,,9.16700082598254e-06,42ab3ee458b16673cd0a91e6b09ded29fa4345c6
dv3-train-poisson-003934,3,train,poisson,3934,,,,3:0:0:3934,,train,7,690.6304147756047,,,,,,,,,,,,,,,,,,,,0.0,,,1,690,1,exact,,,,,,,,1.841700213844888e-05,e2f7c9eb59c34bc032505e64246d92a03bf8b0aa
dv3-train-poisson-003935,3,train,poisson,3935,,,,3:0:0:3935,,train,7,674.2273259708223,,,,,,,,,,,,,,,,,,,,0.0,,,1,672,1,exact,,,,,,,,1.6916997992666438e-05,5701f21126ddd9eb321b707b56a04b4ebc34af63
dv3-train-poisson-003936,3,train,poisson,3936,,,,3:0:0:3936,,train,7,217.17577680110432,,,,,,,,,,,,,,,,,,,,0.0,,,1,208,1,exact,,,,,,,,1.0207997547695413e-05,497878d615a4646ad658e70a05f752dc42b6675b
dv3-train-poisson-003937,3,train,poisson,3937,,,,3:0:0:3937,,train,7,453.2381371295946,,,,,,,,,,,,,,,,,,,,0.0,,,1,460,1,exact,,,,,,,,1.270900247618556e-05,97a36234318298c38a61be548d1dda501050d9d7
dv3-train-poisson-003938,3,train,poisson,3938,,,,3:0:0:3938,,train,7,369.98891841959625,,,,,,,,,,,,,,,,,,,,0.0,,,1,362,1,exact,,,,,,,,1.308299761149101e-05,0a6d658377017c2d09a0983803845db54d96a9ac
dv3-train-poisson-003939,3,train,poisson,3939,,,,3:0:0:3939,,train,7,264.0871474125129,,,,,,,,,,,,,,,,,,,,0.0,,,1,254,1,exact,,,,,,,,1.1457999789854512e-05,6d1ce6a08a24908a8031388027138eb87fc49186
dv3-train-poisson-003940,3,train,poisson,3940,,,,3:0:0:3940,,train,7,370.6097533147453,,,,,,,,,,,,,,,,,,,,0.0,,,1,359,1,exact,,,,,,,,1.3625001884065568e-05,9c9a8e1d3fcbb3f02ac1aa99fbb4c263afeec757
dv3-train-poisson-003941,3,train,poisson,3941,,,,3:0:0:3941,,train,7,397.04093092199463,,,,,,,,,,,,,,,,,,,,0.0,,,1,441,1,exact,,,,,,,,1.445800080546178e-05,8c5d55cb862bdbf424cf252fed42fdd209c9e21b
dv3-train-poisson-003942,3,train,poisson,3942,,,,3:0:0:3942,,train,7,572.8975715412138,,,,,,,,,,,,,,,,,,,,0.0,,,1,615,1,exact,,,,,,,,1.5792000340297818e-05,bc83a6d5f5341496d0f0bfe120f4b28d3b2cdc06
dv3-train-poisson-003943,3,train,poisson,3943,,,,3:0:0:3943,,train,7,233.62801240627493,,,,,,,,,,,,,,,,,,,,0.0,,,1,220,1,exact,,,,,,,,1.049999991664663e-05,1852f7dd912e7f3c126606bea38a30ed521e2876
dv3-train-poisson-003944,3,train,poisson,3944,,,,3:0:0:3944,,train,7,266.91786806437744,,,,,,,,,,,,,,,,,,,,0.0,,,1,246,1,exact,,,,,,,,1.0542000381974503e-05,41da580f0608a8fbeed7f40cd3db8d4d4cd11f00
dv3-train-poisson-003945,3,train,poisson,3945,,,,3:0:0:3945,,train,7,567.1466694984177,,,,,,,,,,,,,,,,,,,,0.0,,,1,577,1,exact,,,,,,,,1.4583998563466594e-05,12c9969a9bd8da4e80cd1efb0946844fc51a8878
dv3-train-poisson-003946,3,train,poisson,3946,,,,3:0:0:3946,,train,7,777.9740178595283,,,,,,,,,,,,,,,,,,,,0.0,,,1,799,1,exact,,,,,,,,1.8124999769497663e-05,516b68bed8886422e181eba6d386b7421ca5527e
dv3-train-poisson-003947,3,train,poisson,3947,,,,3:0:0:3947,,train,7,144.67802892990412,,,,,,,,,,,,,,,,,,,,0.0,,,1,141,1,exact,,,,,,,,9.707997378427535e-06,d7022fd15751f6191e600801ab2ee9e409d71097
dv3-train-poisson-003948,3,train,poisson,3948,,,,3:0:0:3948,,train,7,101.04907590069743,,,,,,,,,,,,,,,,,,,,0.0,,,1,97,1,exact,,,,,,,,9.16600038181059e-06,8e52c3c729ab53633d69bfc6c9e348e4c5804b4c
dv3-train-poisson-003949,3,train,poisson,3949,,,,3:0:0:3949,,train,7,439.5746227729177,,,,,,,,,,,,,,,,,,,,0.0,,,1,415,1,exact,,,,,,,,1.2750002497341484e-05,4b6c2c6027c975e278a1e69b8a502500fbfbc7ad
dv3-train-poisson-003950,3,train,poisson,3950,,,,3:0:0:3950,,train,7,464.8823942819544,,,,,,,,,,,,,,,,,,,,0.0,,,1,500,1,exact,,,,,,,,1.4958000974729657e-05,24722c44f2e94bd6d138a228ad871ee7ca02e6cd
dv3-train-poisson-003951,3,train,poisson,3951,,,,3:0:0:3951,,train,7,244.41594871905147,,,,,,,,,,,,,,,,,,,,0.0,,,1,244,1,exact,,,,,,,,1.083300230675377e-05,73cc70665d48f2c4377fb24cbac0d91e9727db7d
dv3-train-poisson-003952,3,train,poisson,3952,,,,3:0:0:3952,,train,7,189.49317634358238,,,,,,,,,,,,,,,,,,,,0.0,,,1,176,1,exact,,,,,,,,9.875002433545887e-06,83d84b3aa075ab4c0ec8bcdc78eb75dbd6297676
dv3-train-poisson-003953,3,train,poisson,3953,,,,3:0:0:3953,,train,7,135.62475946261506,,,,,,,,,,,,,,,,,,,,0.0,,,1,168,1,exact,,,,,,,,9.833998774411157e-06,da05e33bbda6b05d2be2b201a412aee477018ce1
dv3-train-poisson-003954,3,train,poisson,3954,,,,3:0:0:3954,,train,7,175.1977115125565,,,,,,,,,,,,,,,,,,,,0.0,,,1,197,1,exact,,,,,,,,9.833001968218014e-06,b33f9f91297ad238878934dfcce3a981be46cf2b
dv3-train-poisson-003955,3,train,poisson,3955,,,,3:0:0:3955,,train,7,289.94096142857455,,,,,,,,,,,,,,,,,,,,0.0,,,1,300,1,exact,,,,,,,,1.2332999176578596e-05,f344d597c438d5a33222fffd3ccf05cff51801bd
dv3-train-poisson-003956,3,train,poisson,3956,,,,3:0:0:3956,,train,7,208.28151899982566,,,,,,,,,,,,,,,,,,,,0.0,,,1,219,1,exact,,,,,,,,1.0291998478351161e-05,f6ac730f8be9fb8e07ba43906196c26bc4816b5f
dv3-train-poisson-003957,3,train,poisson,3957,,,,3:0:0:3957,,train,7,108.04079845212233,,,,,,,,,,,,,,,,,,,,0.0,,,1,116,1,exact,,,,,,,,9.041003067977726e-06,24d2b84bba4a4ad8cd9ca65d071e78349a157392
dv3-train-poisson-003958,3,train,poisson,3958,,,,3:0:0:3958,,train,7,611.9174921702643,,,,,,,,,,,,,,,,,,,,0.0,,,1,608,1,exact,,,,,,,,1.620799957890995e-05,65d7eb4cc41a870f8b6a00039afadd6f699141a9
dv3-train-poisson-003959,3,train,poisson,3959,,,,3:0:0:3959,,train,7,219.06640731183523,,,,,,,,,,,,,,,,,,,,0.0,,,1,239,1,exact,,,,,,,,1.0791001841425896e-05,efac6440d376e5a48fd8f9f863941952a18ae1b9
dv3-train-poisson-003960,3,train,poisson,3960,,,,3:0:0:3960,,train,7,189.09417857466815,,,,,,,,,,,,,,,,,,,,0.0,,,1,202,1,exact,,,,,,,,9.875002433545887e-06,9227ae50d055195627f8351b68a1f62f0c336ffe
dv3-train-poisson-003961,3,train,poisson,3961,,,,3:0:0:3961,,train,7,361.5011637385551,,,,,,,,,,,,,,,,,,,,0.0,,,1,349,1,exact,,,,,,,,1.312500171479769e-05,419c7e6ae9078e62d34aeb35a140123bcce3ba9f
dv3-train-poisson-003962,3,train,poisson,3962,,,,3:0:0:3962,,train,7,104.67950253247047,,,,,,,,,,,,,,,,,,,,0.0,,,1,107,1,exact,,,,,,,,8.999999408842996e-06,a9da560276537ae1747139a269a52ca1d998ce89
dv3-train-poisson-003963,3,train,poisson,3963,,,,3:0:0:3963,,train,7,491.54568505280974,,,,,,,,,,,,,,,,,,,,0.0,,,1,450,1,exact,,,,,,,,1.2874999811174348e-05,d9cfb241450d52257c83c5f2dabb8560a2a7ec1e
dv3-train-poisson-003964,3,train,poisson,3964,,,,3:0:0:3964,,train,7,261.4661672188264,,,,,,,,,,,,,,,,,,,,0.0,,,1,284,1,exact,,,,,,,,1.1291998816886917e-05,7f23e49403431739e52e3baeb5ff1a4460bf9607
dv3-train-poisson-003965,3,train,poisson,3965,,,,3:0:0:3965,,train,7,190.19464658012046,,,,,,,,,,,,,,,,,,,,0.0,,,1,197,1,exact,,,,,,,,9.87499879556708e-06,f521662713f133a8c3d032d76622f309427dad2d
dv3-train-poisson-003966,3,train,poisson,3966,,,,3:0:0:3966,,train,7,295.96760278553677,,,,,,,,,,,,,,,,,,,,0.0,,,1,341,1,exact,,,,,,,,1.1457999789854512e-05,ddc29e86b8191ed7d959337ac45cd75fed9e1e5a
dv3-train-poisson-003967,3,train,poisson,3967,,,,3:0:0:3967,,train,7,132.950807916954,,,,,,,,,,,,,,,,,,,,0.0,,,1,145,1,exact,,,,,,,,9.332998160971329e-06,58ce7e9d7cd788e7b457741a04f79f79a10819d7
dv3-train-poisson-003968,3,train,poisson,3968,,,,3:0:0:3968,,train,7,127.84486782688556,,,,,,,,,,,,,,,,,,,,0.0,,,1,117,1,exact,,,,,,,,8.957998943515122e-06,0cc3035e9187a4fd69cd8667d7bd89a302d331d8
dv3-train-poisson-003969,3,train,poisson,3969,,,,3:0:0:3969,,train,7,118.90701617276147,,,,,,,,,,,,,,,,,,,,0.0,,,1,104,1,exact,,,,,,,,9.125000360654667e-06,492900ce40812c65a746e85c947d7307f52f1e92
dv3-train-poisson-003970,3,train,poisson,3970,,,,3:0:0:3970,,train,7,168.24419751803444,,,,,,,,,,,,,,,,,,,,0.0,,,1,182,1,exact,,,,,,,,1.0833999112946913e-05,4eff680a470ba3051a9045b1054c2287a462a3fa
dv3-train-poisson-003971,3,train,poisson,3971,,,,3:0:0:3971,,train,7,210.91448646596538,,,,,,,,,,,,,,,,,,,,0.0,,,1,214,1,exact,,,,,,,,1.0125000699190423e-05,92dced2a82790137699e6bc609b688036e2b26c3
dv3-train-poisson-003972,3,train,poisson,3972,,,,3:0:0:3972,,train,7,138.39360648096473,,,,,,,,,,,,,,,,,,,,0.0,,,1,148,1,exact,,,,,,,,9.291998139815405e-06,8ec5d1f99baa40e89fc885ac8b400de5d4d70197
dv3-train-poisson-003973,3,train,poisson,3973,,,,3:0:0:3973,,train,7,736.2520904803824,,,,,,,,,,,,,,,,,,,,0.0,,,1,730,1,exact,,,,,,,,1.67500002135057e-05,3f886e7aa4454b6eb02d9eb71de7e37d698cb2f7
dv3-train-poisson-003974,3,train,poisson,3974,,,,3:0:0:3974,,train,7,115.11654301167115,,,,,,,,,,,,,,,,,,,,0.0,,,1,105,1,exact,,,,,,,,8.958999387687072e-06,aa2150ec4b18034734389b2b913a3dfcdbca0982
dv3-train-poisson-003975,3,train,poisson,3975,,,,3:0:0:3975,,train,7,109.38148643942627,,,,,,,,,,,,,,,,,,,,0.0,,,1,85,1,exact,,,,,,,,9.16600038181059e-06,a8a4a0ff628047142b3ccb9bfe6a54d2b658ef1e
dv3-train-poisson-003976,3,train,poisson,3976,,,,3:0:0:3976,,train,7,393.8552595086197,,,,,,,,,,,,,,,,,,,,0.0,,,1,369,1,exact,,,,,,,,1.1874999472638592e-05,723062ff3cb2c8b9a2c2c165a0047e0b376e12e0
dv3-train-poisson-003977,3,train,poisson,3977,,,,3:0:0:3977,,train,7,154.3606324034244,,,,,,,,,,,,,,,,,,,,0.0,,,1,145,1,exact,,,,,,,,9.37500226427801e-06,99bd9d2cd7b9436c436f2aaee8047ea3b2456071
dv3-train-poisson-003978,3,train,poisson,3978,,,,3:0:0:3978,,train,7,208.5641984066045,,,,,,,,,,,,,,,,,,,,0.0,,,1,201,1,exact,,,,,,,,9.916999260894954e-06,3e2cf608f3d3b6a9d8c526ebd161347564d4fd3e
dv3-train-poisson-003979,3,train,poisson,3979,,,,3:0:0:3979,,train,7,123.40586187630622,,,,,,,,,,,,,,,,,,,,0.0,,,1,131,1,exact,,,,,,,,9.125000360654667e-06,9cb4b36a9fde8399e6569fac0821dad769c358ce
dv3-train-poisson-003980,3,train,poisson,3980,,,,3:0:0:3980,,train,7,611.241267278353,,,,,,,,,,,,,,,,,,,,0.0,,,1,591,1,exact,,,,,,,,1.5416997484862804e-05,d91ee79b3d32cd98bafe81bddd6dbadd11acb2e7
dv3-train-poisson-003981,3,train,poisson,3981,,,,3:0:0:3981,,train,7,126.4249356204293,,,,,,,,,,,,,,,,,,,,0.0,,,1,126,1,exact,,,,,,,,9.207997209159657e-06,b3eb40dd53253777abd80f1678f1b330f82cd7c9
dv3-train-poisson-003982,3,train,poisson,3982,,,,3:0:0:3982,,train,7,677.8441750111758,,,,,,,,,,,,,,,,,,,,0.0,,,1,683,1,exact,,,,,,,,1.7708000086713582e-05,0d1b6fed3f0ae67656a4bb8397b54a5daec00fc2
dv3-train-poisson-003983,3,train,poisson,3983,,,,3:0:0:3983,,train,7,335.87940197504105,,,,,,,,,,,,,,,,,,,,0.0,,,1,347,1,exact,,,,,,,,1.2749998859362677e-05,85352eb339d34623807f375814735c75eca57f47
dv3-train-poisson-003984,3,train,poisson,3984,,,,3:0:0:3984,,train,7,587.1107371369998,,,,,,,,,,,,,,,,,,,,0.0,,,1,549,1,exact,,,,,,,,1.4290999388322234e-05,5fe3bac1af65683f557ccd0f6db61bef78037ea8
dv3-train-poisson-003985,3,train,poisson,3985,,,,3:0:0:3985,,train,7,104.20723227222584,,,,,,,,,,,,,,,,,,,,0.0,,,1,100,1,exact,,,,,,,,8.999999408842996e-06,55f7acf7e5a13b17aff596b0a6884713972ffae3
dv3-train-poisson-003986,3,train,poisson,3986,,,,3:0:0:3986,,train,7,195.97851916189904,,,,,,,,,,,,,,,,,,,,0.0,,,1,208,1,exact,,,,,,,,9.958999726222828e-06,5af44b5eaad1f31cda73484a524683548c46c08d
dv3-train-poisson-003987,3,train,poisson,3987,,,,3:0:0:3987,,train,7,182.50622412367898,,,,,,,,,,,,,,,,,,,,0.0,,,1,181,1,exact,,,,,,,,1.0124997061211616e-05,27b92073efa1d98695de729969d9a2b22003e0e2
dv3-train-poisson-003988,3,train,poisson,3988,,,,3:0:0:3988,,train,7,669.2739277662703,,,,,,,,,,,,,,,,,,,,0.0,,,1,649,1,exact,,,,,,,,1.6083999071270227e-05,f82193110b0cefdb77b6ec91244147d83f9f91e4
dv3-train-poisson-003989,3,train,poisson,3989,,,,3:0:0:3989,,train,7,252.3915143303166,,,,,,,,,,,,,,,,,,,,0.0,,,1,260,1,exact,,,,,,,,1.1708001693477854e-05,f38152133ceb21a7e5f0e3f7cdc0b4490c9b8a50
dv3-train-poisson-003990,3,train,poisson,3990,,,,3:0:0:3990,,train,7,465.0505263512121,,,,,,,,,,,,,,,,,,,,0.0,,,1,458,1,exact,,,,,,,,1.2874999811174348e-05,f473bd429724a51501e0ead11958b2ecd4f6ee55
dv3-train-poisson-003991,3,train,poisson,3991,,,,3:0:0:3991,,train,7,518.4771602592966,,,,,,,,,,,,,,,,,,,,0.0,,,1,555,1,exact,,,,,,,,1.5249999705702066e-05,29ee678a630bc2d18982a12605b4e27198032b4a
dv3-train-poisson-003992,3,train,poisson,3992,,,,3:0:0:3992,,train,7,434.75633379947186,,,,,,,,,,,,,,,,,,,,0.0,,,1,468,1,exact,,,,,,,,1.2915999832330272e-05,ae1a215a784f3ccb829c1c222b11a2c150c9b656
dv3-train-poisson-003993,3,train,poisson,3993,,,,3:0:0:3993,,train,7,269.1011483088001,,,,,,,,,,,,,,,,,,,,0.0,,,1,244,1,exact,,,,,,,,1.0374998964834958e-05,7f0c0dfc44e797e93fe232149849a4f4402e8ab1
dv3-train-poisson-003994,3,train,poisson,3994,,,,3:0:0:3994,,train,7,726.8669267504345,,,,,,,,,,,,,,,,,,,,0.0,,,1,764,1,exact,,,,,,,,1.8083002942148596e-05,c17b87eb78260d4655485dbc593b1876c5a5e1f9
dv3-train-poisson-003995,3,train,poisson,3995,,,,3:0:0:3995,,train,7,181.3612694359337,,,,,,,,,,,,,,,,,,,,0.0,,,1,177,1,exact,,,,,,,,9.916999260894954e-06,b7d1901563da9d1772e820baacbc216f9fa32952
dv3-train-poisson-003996,3,train,poisson,3996,,,,3:0:0:3996,,train,7,353.6190623192082,,,,,,,,,,,,,,,,,,,,0.0,,,1,320,1,exact,,,,,,,,1.133299883804284e-05,5b3484a24c8f96830eee93bb5ad2b72d9e71a7b4
dv3-train-poisson-003997,3,train,poisson,3997,,,,3:0:0:3997,,train,7,319.9318101677689,,,,,,,,,,,,,,,,,,,,0.0,,,1,316,1,exact,,,,,,,,1.1249998351559043e-05,b4cad1079735b2d1f8b691a080082c3796b8cba8
dv3-train-poisson-003998,3,train,poisson,3998,,,,3:0:0:3998,,train,7,217.3394423717963,,,,,,,,,,,,,,,,,,,,0.0,,,1,206,1,exact,,,,,,,,1.0042000212706625e-05,115c9d723d724a42e3f091829d0b0148c5ff5d0d
dv3-train-poisson-003999,3,train,poisson,3999,,,,3:0:0:3999,,train,7,392.3812515860784,,,,,,,,,,,,,,,,,,,,0.0,,,1,375,1,exact,,,,,,,,1.383299968438223e-05,41206f2b0bf00454a297e072443bf4c0ef7ef05a
