model,accuracy all,accuracy regime 0.5,accuracy regime 0.9,nll,recall poisson,recall thomas,recall nested,recall lgcp,recall matern2,recall ring,recall matern1,recall cell,detected poisson,detected thomas,detected nested,detected lgcp,detected matern2,detected ring,detected matern1,detected cell
hgb_classical,0.5293176770210266,0.5716116428375244,0.6399405002593994,1.0985949039459229,0.7328333333333333,0.15825,0.54475,0.5373333333333333,0.31404166666666666,0.2673333333333333,0.7815,0.8985,0.26716666666666666,0.6439166666666667,0.87425,0.7624583333333333,0.9314583333333334,0.7333333333333333,0.9167083333333333,0.9314583333333334
hgb_ph,0.5149322748184204,0.555749237537384,0.6258994936943054,1.134634017944336,0.7154583333333333,0.1405,0.5212916666666667,0.5319583333333333,0.3284166666666667,0.26316666666666666,0.7357916666666666,0.882875,0.2845416666666667,0.6390833333333333,0.856875,0.7623333333333333,0.9185833333333333,0.7242083333333333,0.8975833333333333,0.9239583333333333
hgb_classical_ph,0.5339114665985107,0.576785147190094,0.6462180018424988,1.0826265811920166,0.7285833333333334,0.165625,0.545875,0.539625,0.33579166666666665,0.28041666666666665,0.759,0.916375,0.27141666666666664,0.6489583333333333,0.8755,0.7633333333333333,0.9323333333333333,0.738875,0.9153333333333333,0.9442083333333333
linear_classical,0.49113017320632935,0.5303182601928711,0.5874850749969482,1.2188825607299805,0.71175,0.19029166666666666,0.40941666666666665,0.5324166666666666,0.315125,0.19920833333333332,0.7724166666666666,0.7984166666666667,0.28825,0.6597916666666667,0.880625,0.7678333333333334,0.9402916666666666,0.7465833333333334,0.9215,0.885625
nn_curves,0.5325208306312561,0.5753328204154968,0.646556556224823,1.0965546369552612,0.785,0.13129166666666667,0.5933333333333334,0.5119166666666667,0.25175,0.23691666666666666,0.86275,0.8872083333333334,0.215,0.6014166666666667,0.8443333333333334,0.7217083333333333,0.929375,0.6935416666666666,0.9142083333333333,0.9175833333333333
perslay_dtm10,0.5101302266120911,0.549248993396759,0.6178953051567078,1.1681630611419678,0.7305416666666666,0.11270833333333333,0.5396666666666666,0.5469583333333333,0.24225,0.20954166666666665,0.8371666666666666,0.8622083333333334,0.26945833333333336,0.6212916666666667,0.8455,0.74025,0.9165,0.7085,0.89575,0.9022083333333333
perslay_alpha,0.5028645992279053,0.5416998267173767,0.615199625492096,1.1798540353775024,0.7871666666666667,0.14329166666666668,0.5326666666666666,0.5040416666666667,0.22420833333333334,0.21454166666666666,0.7504583333333333,0.8665416666666667,0.21283333333333335,0.5745416666666666,0.8099583333333333,0.724625,0.8427916666666667,0.674375,0.805,0.8967083333333333
hgb_classical_ph6,0.5346875190734863,0.577650249004364,0.6464142799377441,1.074447751045227,0.7259583333333334,0.16504166666666667,0.54725,0.5415833333333333,0.339125,0.281375,0.7447916666666666,0.932375,0.2740416666666667,0.6492916666666667,0.87625,0.76475,0.9323333333333333,0.7370416666666667,0.9173333333333333,0.9572083333333333
pi_alpha,0.49324479699134827,0.5325891971588135,0.6079276204109192,1.2280869483947754,0.7654166666666666,0.121125,0.5084583333333333,0.5259166666666667,0.22458333333333333,0.214625,0.7491666666666666,0.8366666666666667,0.23458333333333334,0.5835,0.8111666666666667,0.7167083333333333,0.838625,0.6744583333333334,0.7997916666666667,0.879125
pi_rips,0.4882604479789734,0.5265399813652039,0.6023852229118347,1.2437620162963867,0.7767083333333333,0.10966666666666666,0.527625,0.51175,0.28704166666666664,0.18195833333333333,0.669125,0.8422083333333333,0.22329166666666667,0.563125,0.7978333333333333,0.7030416666666667,0.8217083333333334,0.657875,0.7795833333333333,0.8867916666666666
fusion_curves_alpha,0.5333698391914368,0.5773678421974182,0.6516382098197937,1.089043140411377,0.7924166666666667,0.13508333333333333,0.5457083333333334,0.522375,0.240125,0.27220833333333333,0.8699166666666667,0.889125,0.20758333333333334,0.5937916666666667,0.83975,0.7172916666666667,0.924375,0.688625,0.9079166666666667,0.91675
